FFFFFFFFFFFFFFFFFFFFFFFFFFFFFFFFFFF                                      [100%]
=================================== FAILURES ===================================
________ test_target_requires_fresh_identity_authority[missing-assign] _________

resources = (<starlette.testclient.TestClient object at 0x7a44a309e900>, <apps.api.app.routes.listings.AssistedIntakeStore object ...97d40>, <shared.identity.store.InMemoryIdentityStore object at 0x7a44a309eab0>, '8b3e141e-0ce0-4769-86f7-f115be740796')
operation = 'assign', defect = 'missing'

    @pytest.mark.parametrize("operation", ["assign", "transfer"])
    @pytest.mark.parametrize("defect", ["missing", "disabled", "locked", "invited", "foreign-tenant",
                                        "foreign-scope-tenant", "no-business-role", "role-mismatch",
                                        "unknown-role", "missing-store"])
    def test_target_requires_fresh_identity_authority(resources, operation, defect):
        client, store, identities, intake_id = resources
        # Transfer setup is a genuine assignment endpoint, not a seeded child row.
        created = assign(resources) if operation == "transfer" else None
        if created is not None:
            assert created.status_code == 200, created.text
        role = "reviewer"
        account = identities.find_account_by_id(TARGET)
        if defect == "missing":
            identities._accounts.pop(UUID(TARGET))
        elif defect in {"disabled", "locked", "invited"}:
            identities.save_account(replace(account, status=defect))
        elif defect == "foreign-tenant":
            identities.save_account(replace(account, tenant_id=UUID(OUTSIDE)))
        elif defect == "foreign-scope-tenant":
            identities.set_account_scope(TARGET, Scope(tenant_id=OUTSIDE))
        elif defect == "no-business-role":
            identities.set_account_roles(TARGET, [Role.PLATFORM_ADMIN, Role.AUDITOR])
        elif defect == "role-mismatch":
            identities.set_account_roles(TARGET, [Role.EXPANSION_USER])
        elif defect == "unknown-role":
            role = "gov-queue"
        else:
            client.app.state.persistence_bundle.identity_store = None
        before = snapshot(store)
        result = assign(resources, role=role) if operation == "assign" else command(
            resources, created.json()["assignment_id"], "transfer", role=role,
        )
>       assert result.status_code == 403, result.text
E       AssertionError: {"assignment_id":"222a72ca-5ec1-40ed-875e-c88b6132383e","status":"ASSIGNED","owner_subject_id":"00000000-0000-0000-0000-000000000102","due_at":"2027-01-10T12:00:00Z","version":2,"audit_event_id":"a92ff903-5333-4beb-b3d7-efe53d5c9331"}
E       assert 200 == 403
E        +  where 200 = <Response [200 OK]>.status_code

tests/security/test_assisted_assignment_authority.py:113: AssertionError
---------------------------- Captured stderr setup -----------------------------
2026/10/09 23:38:25 INFO mlflow.store.db.utils: Creating initial MLflow database tables...
2026/10/09 23:38:25 INFO mlflow.store.db.utils: Updating database tables
{"timestamp": "2026-10-09T23:38:29.060028+00:00", "level": "INFO", "service": "oday-api", "actor": "user", "correlation_id": "54c9ada0-138b-4fd4-b7b3-7a2b57f8a5b1", "resource": "HTTP", "action": "POST", "result": "ok", "error_code": null, "message": "HTTP POST /api/v1/intakes/url ok"}
------------------------------ Captured log setup ------------------------------
INFO     mlflow.store.db.utils:utils.py:87 Creating initial MLflow database tables...
INFO     mlflow.store.db.utils:utils.py:294 Updating database tables
----------------------------- Captured stderr call -----------------------------
{"timestamp": "2026-10-09T23:38:29.071711+00:00", "level": "INFO", "service": "oday-api", "actor": "user", "correlation_id": "28ff6bdf-ca90-42d3-a835-c26f9bf7847a", "resource": "HTTP", "action": "PUT", "result": "ok", "error_code": null, "message": "HTTP PUT /api/v1/intakes/{intake_id}/assignment ok"}
_______ test_target_requires_fresh_identity_authority[missing-transfer] ________

resources = (<starlette.testclient.TestClient object at 0x7a44a0792540>, <apps.api.app.routes.listings.AssistedIntakeStore object ...13050>, <shared.identity.store.InMemoryIdentityStore object at 0x7a44a2504890>, '353c5b71-8540-4ca0-a1ed-54785cb3952d')
operation = 'transfer', defect = 'missing'

    @pytest.mark.parametrize("operation", ["assign", "transfer"])
    @pytest.mark.parametrize("defect", ["missing", "disabled", "locked", "invited", "foreign-tenant",
                                        "foreign-scope-tenant", "no-business-role", "role-mismatch",
                                        "unknown-role", "missing-store"])
    def test_target_requires_fresh_identity_authority(resources, operation, defect):
        client, store, identities, intake_id = resources
        # Transfer setup is a genuine assignment endpoint, not a seeded child row.
        created = assign(resources) if operation == "transfer" else None
        if created is not None:
            assert created.status_code == 200, created.text
        role = "reviewer"
        account = identities.find_account_by_id(TARGET)
        if defect == "missing":
            identities._accounts.pop(UUID(TARGET))
        elif defect in {"disabled", "locked", "invited"}:
            identities.save_account(replace(account, status=defect))
        elif defect == "foreign-tenant":
            identities.save_account(replace(account, tenant_id=UUID(OUTSIDE)))
        elif defect == "foreign-scope-tenant":
            identities.set_account_scope(TARGET, Scope(tenant_id=OUTSIDE))
        elif defect == "no-business-role":
            identities.set_account_roles(TARGET, [Role.PLATFORM_ADMIN, Role.AUDITOR])
        elif defect == "role-mismatch":
            identities.set_account_roles(TARGET, [Role.EXPANSION_USER])
        elif defect == "unknown-role":
            role = "gov-queue"
        else:
            client.app.state.persistence_bundle.identity_store = None
        before = snapshot(store)
        result = assign(resources, role=role) if operation == "assign" else command(
            resources, created.json()["assignment_id"], "transfer", role=role,
        )
>       assert result.status_code == 403, result.text
E       AssertionError: {"assignment_id":"eda67c37-c923-466d-8600-e9727d432f53","status":"TRANSFERRED","owner_subject_id":"00000000-0000-0000-0000-000000000102","due_at":"2027-01-10T12:00:00Z","version":3,"audit_event_id":"7dc3bebf-5251-45ac-a646-da65b6441219"}
E       assert 200 == 403
E        +  where 200 = <Response [200 OK]>.status_code

tests/security/test_assisted_assignment_authority.py:113: AssertionError
---------------------------- Captured stderr setup -----------------------------
2026/10/09 23:38:30 INFO mlflow.store.db.utils: Creating initial MLflow database tables...
2026/10/09 23:38:30 INFO mlflow.store.db.utils: Updating database tables
{"timestamp": "2026-10-09T23:38:33.366839+00:00", "level": "INFO", "service": "oday-api", "actor": "user", "correlation_id": "b6b078ef-0816-43cc-827b-2d6ed1c246d0", "resource": "HTTP", "action": "POST", "result": "ok", "error_code": null, "message": "HTTP POST /api/v1/intakes/url ok"}
------------------------------ Captured log setup ------------------------------
INFO     mlflow.store.db.utils:utils.py:87 Creating initial MLflow database tables...
INFO     mlflow.store.db.utils:utils.py:294 Updating database tables
----------------------------- Captured stderr call -----------------------------
{"timestamp": "2026-10-09T23:38:33.378153+00:00", "level": "INFO", "service": "oday-api", "actor": "user", "correlation_id": "a1cd78d7-5eb6-462d-b6d4-b2d4364a9e83", "resource": "HTTP", "action": "PUT", "result": "ok", "error_code": null, "message": "HTTP PUT /api/v1/intakes/{intake_id}/assignment ok"}
{"timestamp": "2026-10-09T23:38:33.387163+00:00", "level": "INFO", "service": "oday-api", "actor": "user", "correlation_id": "a932b48c-ebbf-4ea0-9124-d3cfdf5078e7", "resource": "HTTP", "action": "POST", "result": "ok", "error_code": null, "message": "HTTP POST /api/v1/assignments/{assignment_id}/actions/transfer ok"}
________ test_target_requires_fresh_identity_authority[disabled-assign] ________

resources = (<starlette.testclient.TestClient object at 0x7a449bd070b0>, <apps.api.app.routes.listings.AssistedIntakeStore object ...0e4b0>, <shared.identity.store.InMemoryIdentityStore object at 0x7a449bd04080>, 'a32d7b3e-7cd6-4350-81dd-ff5b9f2999f2')
operation = 'assign', defect = 'disabled'

    @pytest.mark.parametrize("operation", ["assign", "transfer"])
    @pytest.mark.parametrize("defect", ["missing", "disabled", "locked", "invited", "foreign-tenant",
                                        "foreign-scope-tenant", "no-business-role", "role-mismatch",
                                        "unknown-role", "missing-store"])
    def test_target_requires_fresh_identity_authority(resources, operation, defect):
        client, store, identities, intake_id = resources
        # Transfer setup is a genuine assignment endpoint, not a seeded child row.
        created = assign(resources) if operation == "transfer" else None
        if created is not None:
            assert created.status_code == 200, created.text
        role = "reviewer"
        account = identities.find_account_by_id(TARGET)
        if defect == "missing":
            identities._accounts.pop(UUID(TARGET))
        elif defect in {"disabled", "locked", "invited"}:
            identities.save_account(replace(account, status=defect))
        elif defect == "foreign-tenant":
            identities.save_account(replace(account, tenant_id=UUID(OUTSIDE)))
        elif defect == "foreign-scope-tenant":
            identities.set_account_scope(TARGET, Scope(tenant_id=OUTSIDE))
        elif defect == "no-business-role":
            identities.set_account_roles(TARGET, [Role.PLATFORM_ADMIN, Role.AUDITOR])
        elif defect == "role-mismatch":
            identities.set_account_roles(TARGET, [Role.EXPANSION_USER])
        elif defect == "unknown-role":
            role = "gov-queue"
        else:
            client.app.state.persistence_bundle.identity_store = None
        before = snapshot(store)
        result = assign(resources, role=role) if operation == "assign" else command(
            resources, created.json()["assignment_id"], "transfer", role=role,
        )
>       assert result.status_code == 403, result.text
E       AssertionError: {"assignment_id":"5ca0e6f7-251a-469d-ad17-bb7d8b66d840","status":"ASSIGNED","owner_subject_id":"00000000-0000-0000-0000-000000000102","due_at":"2027-01-10T12:00:00Z","version":2,"audit_event_id":"c9db6b51-5226-4984-8282-e17426c697c4"}
E       assert 200 == 403
E        +  where 200 = <Response [200 OK]>.status_code

tests/security/test_assisted_assignment_authority.py:113: AssertionError
---------------------------- Captured stderr setup -----------------------------
2026/10/09 23:38:33 INFO mlflow.store.db.utils: Creating initial MLflow database tables...
2026/10/09 23:38:33 INFO mlflow.store.db.utils: Updating database tables
{"timestamp": "2026-10-09T23:38:37.549018+00:00", "level": "INFO", "service": "oday-api", "actor": "user", "correlation_id": "03090d0e-f89a-4864-b2e4-4ae8ad480181", "resource": "HTTP", "action": "POST", "result": "ok", "error_code": null, "message": "HTTP POST /api/v1/intakes/url ok"}
------------------------------ Captured log setup ------------------------------
INFO     mlflow.store.db.utils:utils.py:87 Creating initial MLflow database tables...
INFO     mlflow.store.db.utils:utils.py:294 Updating database tables
----------------------------- Captured stderr call -----------------------------
{"timestamp": "2026-10-09T23:38:37.558882+00:00", "level": "INFO", "service": "oday-api", "actor": "user", "correlation_id": "361f80b3-7d12-41dd-b088-b43696dd0536", "resource": "HTTP", "action": "PUT", "result": "ok", "error_code": null, "message": "HTTP PUT /api/v1/intakes/{intake_id}/assignment ok"}
_______ test_target_requires_fresh_identity_authority[disabled-transfer] _______

resources = (<starlette.testclient.TestClient object at 0x7a449b6351f0>, <apps.api.app.routes.listings.AssistedIntakeStore object ...b5940>, <shared.identity.store.InMemoryIdentityStore object at 0x7a44a2fb2ab0>, '8a35d244-1bab-4ba9-981a-ddd203c6d6af')
operation = 'transfer', defect = 'disabled'

    @pytest.mark.parametrize("operation", ["assign", "transfer"])
    @pytest.mark.parametrize("defect", ["missing", "disabled", "locked", "invited", "foreign-tenant",
                                        "foreign-scope-tenant", "no-business-role", "role-mismatch",
                                        "unknown-role", "missing-store"])
    def test_target_requires_fresh_identity_authority(resources, operation, defect):
        client, store, identities, intake_id = resources
        # Transfer setup is a genuine assignment endpoint, not a seeded child row.
        created = assign(resources) if operation == "transfer" else None
        if created is not None:
            assert created.status_code == 200, created.text
        role = "reviewer"
        account = identities.find_account_by_id(TARGET)
        if defect == "missing":
            identities._accounts.pop(UUID(TARGET))
        elif defect in {"disabled", "locked", "invited"}:
            identities.save_account(replace(account, status=defect))
        elif defect == "foreign-tenant":
            identities.save_account(replace(account, tenant_id=UUID(OUTSIDE)))
        elif defect == "foreign-scope-tenant":
            identities.set_account_scope(TARGET, Scope(tenant_id=OUTSIDE))
        elif defect == "no-business-role":
            identities.set_account_roles(TARGET, [Role.PLATFORM_ADMIN, Role.AUDITOR])
        elif defect == "role-mismatch":
            identities.set_account_roles(TARGET, [Role.EXPANSION_USER])
        elif defect == "unknown-role":
            role = "gov-queue"
        else:
            client.app.state.persistence_bundle.identity_store = None
        before = snapshot(store)
        result = assign(resources, role=role) if operation == "assign" else command(
            resources, created.json()["assignment_id"], "transfer", role=role,
        )
>       assert result.status_code == 403, result.text
E       AssertionError: {"assignment_id":"45606058-6fde-43ad-a720-fef85d405dee","status":"TRANSFERRED","owner_subject_id":"00000000-0000-0000-0000-000000000102","due_at":"2027-01-10T12:00:00Z","version":3,"audit_event_id":"87809c51-d692-48dd-8a06-8348b166bd02"}
E       assert 200 == 403
E        +  where 200 = <Response [200 OK]>.status_code

tests/security/test_assisted_assignment_authority.py:113: AssertionError
---------------------------- Captured stderr setup -----------------------------
2026/10/09 23:38:37 INFO mlflow.store.db.utils: Creating initial MLflow database tables...
2026/10/09 23:38:37 INFO mlflow.store.db.utils: Updating database tables
{"timestamp": "2026-10-09T23:38:41.991781+00:00", "level": "INFO", "service": "oday-api", "actor": "user", "correlation_id": "d2eef6fb-9c2b-4ef2-a740-249bf39b1b15", "resource": "HTTP", "action": "POST", "result": "ok", "error_code": null, "message": "HTTP POST /api/v1/intakes/url ok"}
------------------------------ Captured log setup ------------------------------
INFO     mlflow.store.db.utils:utils.py:87 Creating initial MLflow database tables...
INFO     mlflow.store.db.utils:utils.py:294 Updating database tables
----------------------------- Captured stderr call -----------------------------
{"timestamp": "2026-10-09T23:38:42.001983+00:00", "level": "INFO", "service": "oday-api", "actor": "user", "correlation_id": "85aa23b6-3b98-46ec-a9e4-c60906461f5e", "resource": "HTTP", "action": "PUT", "result": "ok", "error_code": null, "message": "HTTP PUT /api/v1/intakes/{intake_id}/assignment ok"}
{"timestamp": "2026-10-09T23:38:42.011110+00:00", "level": "INFO", "service": "oday-api", "actor": "user", "correlation_id": "abe21a41-74dd-4d76-8120-c96e0587eb8a", "resource": "HTTP", "action": "POST", "result": "ok", "error_code": null, "message": "HTTP POST /api/v1/assignments/{assignment_id}/actions/transfer ok"}
_________ test_target_requires_fresh_identity_authority[locked-assign] _________

resources = (<starlette.testclient.TestClient object at 0x7a44a083b140>, <apps.api.app.routes.listings.AssistedIntakeStore object ...a1d00>, <shared.identity.store.InMemoryIdentityStore object at 0x7a44a083b350>, 'cc9402c3-1a8a-46b4-9d20-c52201f27319')
operation = 'assign', defect = 'locked'

    @pytest.mark.parametrize("operation", ["assign", "transfer"])
    @pytest.mark.parametrize("defect", ["missing", "disabled", "locked", "invited", "foreign-tenant",
                                        "foreign-scope-tenant", "no-business-role", "role-mismatch",
                                        "unknown-role", "missing-store"])
    def test_target_requires_fresh_identity_authority(resources, operation, defect):
        client, store, identities, intake_id = resources
        # Transfer setup is a genuine assignment endpoint, not a seeded child row.
        created = assign(resources) if operation == "transfer" else None
        if created is not None:
            assert created.status_code == 200, created.text
        role = "reviewer"
        account = identities.find_account_by_id(TARGET)
        if defect == "missing":
            identities._accounts.pop(UUID(TARGET))
        elif defect in {"disabled", "locked", "invited"}:
            identities.save_account(replace(account, status=defect))
        elif defect == "foreign-tenant":
            identities.save_account(replace(account, tenant_id=UUID(OUTSIDE)))
        elif defect == "foreign-scope-tenant":
            identities.set_account_scope(TARGET, Scope(tenant_id=OUTSIDE))
        elif defect == "no-business-role":
            identities.set_account_roles(TARGET, [Role.PLATFORM_ADMIN, Role.AUDITOR])
        elif defect == "role-mismatch":
            identities.set_account_roles(TARGET, [Role.EXPANSION_USER])
        elif defect == "unknown-role":
            role = "gov-queue"
        else:
            client.app.state.persistence_bundle.identity_store = None
        before = snapshot(store)
        result = assign(resources, role=role) if operation == "assign" else command(
            resources, created.json()["assignment_id"], "transfer", role=role,
        )
>       assert result.status_code == 403, result.text
E       AssertionError: {"assignment_id":"8d376287-e076-42a9-bb88-129a9f07e280","status":"ASSIGNED","owner_subject_id":"00000000-0000-0000-0000-000000000102","due_at":"2027-01-10T12:00:00Z","version":2,"audit_event_id":"73357973-b99b-404c-b79b-9ed050ee0b81"}
E       assert 200 == 403
E        +  where 200 = <Response [200 OK]>.status_code

tests/security/test_assisted_assignment_authority.py:113: AssertionError
---------------------------- Captured stderr setup -----------------------------
2026/10/09 23:38:42 INFO mlflow.store.db.utils: Creating initial MLflow database tables...
2026/10/09 23:38:42 INFO mlflow.store.db.utils: Updating database tables
{"timestamp": "2026-10-09T23:38:45.817968+00:00", "level": "INFO", "service": "oday-api", "actor": "user", "correlation_id": "b1d3e388-9c7f-4609-80d3-323f55f7b1e5", "resource": "HTTP", "action": "POST", "result": "ok", "error_code": null, "message": "HTTP POST /api/v1/intakes/url ok"}
------------------------------ Captured log setup ------------------------------
INFO     mlflow.store.db.utils:utils.py:87 Creating initial MLflow database tables...
INFO     mlflow.store.db.utils:utils.py:294 Updating database tables
----------------------------- Captured stderr call -----------------------------
{"timestamp": "2026-10-09T23:38:45.828378+00:00", "level": "INFO", "service": "oday-api", "actor": "user", "correlation_id": "5b601691-c414-4294-b34d-b6224c56a797", "resource": "HTTP", "action": "PUT", "result": "ok", "error_code": null, "message": "HTTP PUT /api/v1/intakes/{intake_id}/assignment ok"}
________ test_target_requires_fresh_identity_authority[locked-transfer] ________

resources = (<starlette.testclient.TestClient object at 0x7a449a527950>, <apps.api.app.routes.listings.AssistedIntakeStore object ...56c30>, <shared.identity.store.InMemoryIdentityStore object at 0x7a449a527320>, '33a883c8-48cb-434d-8553-157fa4bee5e7')
operation = 'transfer', defect = 'locked'

    @pytest.mark.parametrize("operation", ["assign", "transfer"])
    @pytest.mark.parametrize("defect", ["missing", "disabled", "locked", "invited", "foreign-tenant",
                                        "foreign-scope-tenant", "no-business-role", "role-mismatch",
                                        "unknown-role", "missing-store"])
    def test_target_requires_fresh_identity_authority(resources, operation, defect):
        client, store, identities, intake_id = resources
        # Transfer setup is a genuine assignment endpoint, not a seeded child row.
        created = assign(resources) if operation == "transfer" else None
        if created is not None:
            assert created.status_code == 200, created.text
        role = "reviewer"
        account = identities.find_account_by_id(TARGET)
        if defect == "missing":
            identities._accounts.pop(UUID(TARGET))
        elif defect in {"disabled", "locked", "invited"}:
            identities.save_account(replace(account, status=defect))
        elif defect == "foreign-tenant":
            identities.save_account(replace(account, tenant_id=UUID(OUTSIDE)))
        elif defect == "foreign-scope-tenant":
            identities.set_account_scope(TARGET, Scope(tenant_id=OUTSIDE))
        elif defect == "no-business-role":
            identities.set_account_roles(TARGET, [Role.PLATFORM_ADMIN, Role.AUDITOR])
        elif defect == "role-mismatch":
            identities.set_account_roles(TARGET, [Role.EXPANSION_USER])
        elif defect == "unknown-role":
            role = "gov-queue"
        else:
            client.app.state.persistence_bundle.identity_store = None
        before = snapshot(store)
        result = assign(resources, role=role) if operation == "assign" else command(
            resources, created.json()["assignment_id"], "transfer", role=role,
        )
>       assert result.status_code == 403, result.text
E       AssertionError: {"assignment_id":"a7e13a9c-e16d-4f4b-b9c4-88f9c0b36aca","status":"TRANSFERRED","owner_subject_id":"00000000-0000-0000-0000-000000000102","due_at":"2027-01-10T12:00:00Z","version":3,"audit_event_id":"8058a6c8-1343-4723-bfd7-1fae344489ff"}
E       assert 200 == 403
E        +  where 200 = <Response [200 OK]>.status_code

tests/security/test_assisted_assignment_authority.py:113: AssertionError
---------------------------- Captured stderr setup -----------------------------
2026/10/09 23:38:46 INFO mlflow.store.db.utils: Creating initial MLflow database tables...
2026/10/09 23:38:46 INFO mlflow.store.db.utils: Updating database tables
{"timestamp": "2026-10-09T23:38:50.173872+00:00", "level": "INFO", "service": "oday-api", "actor": "user", "correlation_id": "f035583a-8c24-46e4-b96b-294d28ddbafa", "resource": "HTTP", "action": "POST", "result": "ok", "error_code": null, "message": "HTTP POST /api/v1/intakes/url ok"}
------------------------------ Captured log setup ------------------------------
INFO     mlflow.store.db.utils:utils.py:87 Creating initial MLflow database tables...
INFO     mlflow.store.db.utils:utils.py:294 Updating database tables
----------------------------- Captured stderr call -----------------------------
{"timestamp": "2026-10-09T23:38:50.183479+00:00", "level": "INFO", "service": "oday-api", "actor": "user", "correlation_id": "5aec70f6-ad1e-4c01-9b38-56471641b1c4", "resource": "HTTP", "action": "PUT", "result": "ok", "error_code": null, "message": "HTTP PUT /api/v1/intakes/{intake_id}/assignment ok"}
{"timestamp": "2026-10-09T23:38:50.193752+00:00", "level": "INFO", "service": "oday-api", "actor": "user", "correlation_id": "a3850198-e0c5-47b4-bcf4-848931aa8ce2", "resource": "HTTP", "action": "POST", "result": "ok", "error_code": null, "message": "HTTP POST /api/v1/assignments/{assignment_id}/actions/transfer ok"}
________ test_target_requires_fresh_identity_authority[invited-assign] _________

resources = (<starlette.testclient.TestClient object at 0x7a44a055d1f0>, <apps.api.app.routes.listings.AssistedIntakeStore object ...45160>, <shared.identity.store.InMemoryIdentityStore object at 0x7a44a1b41a30>, '08f1e8f9-2d15-4262-865a-c153b32c80df')
operation = 'assign', defect = 'invited'

    @pytest.mark.parametrize("operation", ["assign", "transfer"])
    @pytest.mark.parametrize("defect", ["missing", "disabled", "locked", "invited", "foreign-tenant",
                                        "foreign-scope-tenant", "no-business-role", "role-mismatch",
                                        "unknown-role", "missing-store"])
    def test_target_requires_fresh_identity_authority(resources, operation, defect):
        client, store, identities, intake_id = resources
        # Transfer setup is a genuine assignment endpoint, not a seeded child row.
        created = assign(resources) if operation == "transfer" else None
        if created is not None:
            assert created.status_code == 200, created.text
        role = "reviewer"
        account = identities.find_account_by_id(TARGET)
        if defect == "missing":
            identities._accounts.pop(UUID(TARGET))
        elif defect in {"disabled", "locked", "invited"}:
            identities.save_account(replace(account, status=defect))
        elif defect == "foreign-tenant":
            identities.save_account(replace(account, tenant_id=UUID(OUTSIDE)))
        elif defect == "foreign-scope-tenant":
            identities.set_account_scope(TARGET, Scope(tenant_id=OUTSIDE))
        elif defect == "no-business-role":
            identities.set_account_roles(TARGET, [Role.PLATFORM_ADMIN, Role.AUDITOR])
        elif defect == "role-mismatch":
            identities.set_account_roles(TARGET, [Role.EXPANSION_USER])
        elif defect == "unknown-role":
            role = "gov-queue"
        else:
            client.app.state.persistence_bundle.identity_store = None
        before = snapshot(store)
        result = assign(resources, role=role) if operation == "assign" else command(
            resources, created.json()["assignment_id"], "transfer", role=role,
        )
>       assert result.status_code == 403, result.text
E       AssertionError: {"assignment_id":"519f1cff-15b5-4624-9cbc-3884a4d76211","status":"ASSIGNED","owner_subject_id":"00000000-0000-0000-0000-000000000102","due_at":"2027-01-10T12:00:00Z","version":2,"audit_event_id":"bbea9a42-af2b-408f-8dcf-d18b14d07dab"}
E       assert 200 == 403
E        +  where 200 = <Response [200 OK]>.status_code

tests/security/test_assisted_assignment_authority.py:113: AssertionError
---------------------------- Captured stderr setup -----------------------------
2026/10/09 23:38:50 INFO mlflow.store.db.utils: Creating initial MLflow database tables...
2026/10/09 23:38:50 INFO mlflow.store.db.utils: Updating database tables
{"timestamp": "2026-10-09T23:38:53.836592+00:00", "level": "INFO", "service": "oday-api", "actor": "user", "correlation_id": "d57f638e-da73-4d3a-af07-e809ae1596ec", "resource": "HTTP", "action": "POST", "result": "ok", "error_code": null, "message": "HTTP POST /api/v1/intakes/url ok"}
------------------------------ Captured log setup ------------------------------
INFO     mlflow.store.db.utils:utils.py:87 Creating initial MLflow database tables...
INFO     mlflow.store.db.utils:utils.py:294 Updating database tables
----------------------------- Captured stderr call -----------------------------
{"timestamp": "2026-10-09T23:38:53.846661+00:00", "level": "INFO", "service": "oday-api", "actor": "user", "correlation_id": "e32593d8-c70d-404b-8871-f06f5a6b99de", "resource": "HTTP", "action": "PUT", "result": "ok", "error_code": null, "message": "HTTP PUT /api/v1/intakes/{intake_id}/assignment ok"}
_______ test_target_requires_fresh_identity_authority[invited-transfer] ________

resources = (<starlette.testclient.TestClient object at 0x7a4499c172f0>, <apps.api.app.routes.listings.AssistedIntakeStore object ...191f0>, <shared.identity.store.InMemoryIdentityStore object at 0x7a4499c14f80>, 'fc56c512-b32d-44c6-b625-e08ec9950114')
operation = 'transfer', defect = 'invited'

    @pytest.mark.parametrize("operation", ["assign", "transfer"])
    @pytest.mark.parametrize("defect", ["missing", "disabled", "locked", "invited", "foreign-tenant",
                                        "foreign-scope-tenant", "no-business-role", "role-mismatch",
                                        "unknown-role", "missing-store"])
    def test_target_requires_fresh_identity_authority(resources, operation, defect):
        client, store, identities, intake_id = resources
        # Transfer setup is a genuine assignment endpoint, not a seeded child row.
        created = assign(resources) if operation == "transfer" else None
        if created is not None:
            assert created.status_code == 200, created.text
        role = "reviewer"
        account = identities.find_account_by_id(TARGET)
        if defect == "missing":
            identities._accounts.pop(UUID(TARGET))
        elif defect in {"disabled", "locked", "invited"}:
            identities.save_account(replace(account, status=defect))
        elif defect == "foreign-tenant":
            identities.save_account(replace(account, tenant_id=UUID(OUTSIDE)))
        elif defect == "foreign-scope-tenant":
            identities.set_account_scope(TARGET, Scope(tenant_id=OUTSIDE))
        elif defect == "no-business-role":
            identities.set_account_roles(TARGET, [Role.PLATFORM_ADMIN, Role.AUDITOR])
        elif defect == "role-mismatch":
            identities.set_account_roles(TARGET, [Role.EXPANSION_USER])
        elif defect == "unknown-role":
            role = "gov-queue"
        else:
            client.app.state.persistence_bundle.identity_store = None
        before = snapshot(store)
        result = assign(resources, role=role) if operation == "assign" else command(
            resources, created.json()["assignment_id"], "transfer", role=role,
        )
>       assert result.status_code == 403, result.text
E       AssertionError: {"assignment_id":"c0040dc9-edf8-4fc2-a710-eb8422b2c116","status":"TRANSFERRED","owner_subject_id":"00000000-0000-0000-0000-000000000102","due_at":"2027-01-10T12:00:00Z","version":3,"audit_event_id":"a2536614-96ac-4e22-a6ac-988c9c56a9a4"}
E       assert 200 == 403
E        +  where 200 = <Response [200 OK]>.status_code

tests/security/test_assisted_assignment_authority.py:113: AssertionError
---------------------------- Captured stderr setup -----------------------------
2026/10/09 23:38:54 INFO mlflow.store.db.utils: Creating initial MLflow database tables...
2026/10/09 23:38:54 INFO mlflow.store.db.utils: Updating database tables
{"timestamp": "2026-10-09T23:38:58.549999+00:00", "level": "INFO", "service": "oday-api", "actor": "user", "correlation_id": "9c108e26-ad10-4ffa-ba57-772c84fbffb1", "resource": "HTTP", "action": "POST", "result": "ok", "error_code": null, "message": "HTTP POST /api/v1/intakes/url ok"}
------------------------------ Captured log setup ------------------------------
INFO     mlflow.store.db.utils:utils.py:87 Creating initial MLflow database tables...
INFO     mlflow.store.db.utils:utils.py:294 Updating database tables
----------------------------- Captured stderr call -----------------------------
{"timestamp": "2026-10-09T23:38:58.560522+00:00", "level": "INFO", "service": "oday-api", "actor": "user", "correlation_id": "47799ccc-414c-4eb5-9f80-a82c438d9ef0", "resource": "HTTP", "action": "PUT", "result": "ok", "error_code": null, "message": "HTTP PUT /api/v1/intakes/{intake_id}/assignment ok"}
{"timestamp": "2026-10-09T23:38:58.570309+00:00", "level": "INFO", "service": "oday-api", "actor": "user", "correlation_id": "8b81d9ff-d744-4b1f-b806-732cc58c0f11", "resource": "HTTP", "action": "POST", "result": "ok", "error_code": null, "message": "HTTP POST /api/v1/assignments/{assignment_id}/actions/transfer ok"}
_____ test_target_requires_fresh_identity_authority[foreign-tenant-assign] _____

resources = (<starlette.testclient.TestClient object at 0x7a4499a8a540>, <apps.api.app.routes.listings.AssistedIntakeStore object ...d5b50>, <shared.identity.store.InMemoryIdentityStore object at 0x7a449bb59a30>, 'faa2b36d-b01f-4907-b2e2-8cef191279a3')
operation = 'assign', defect = 'foreign-tenant'

    @pytest.mark.parametrize("operation", ["assign", "transfer"])
    @pytest.mark.parametrize("defect", ["missing", "disabled", "locked", "invited", "foreign-tenant",
                                        "foreign-scope-tenant", "no-business-role", "role-mismatch",
                                        "unknown-role", "missing-store"])
    def test_target_requires_fresh_identity_authority(resources, operation, defect):
        client, store, identities, intake_id = resources
        # Transfer setup is a genuine assignment endpoint, not a seeded child row.
        created = assign(resources) if operation == "transfer" else None
        if created is not None:
            assert created.status_code == 200, created.text
        role = "reviewer"
        account = identities.find_account_by_id(TARGET)
        if defect == "missing":
            identities._accounts.pop(UUID(TARGET))
        elif defect in {"disabled", "locked", "invited"}:
            identities.save_account(replace(account, status=defect))
        elif defect == "foreign-tenant":
            identities.save_account(replace(account, tenant_id=UUID(OUTSIDE)))
        elif defect == "foreign-scope-tenant":
            identities.set_account_scope(TARGET, Scope(tenant_id=OUTSIDE))
        elif defect == "no-business-role":
            identities.set_account_roles(TARGET, [Role.PLATFORM_ADMIN, Role.AUDITOR])
        elif defect == "role-mismatch":
            identities.set_account_roles(TARGET, [Role.EXPANSION_USER])
        elif defect == "unknown-role":
            role = "gov-queue"
        else:
            client.app.state.persistence_bundle.identity_store = None
        before = snapshot(store)
        result = assign(resources, role=role) if operation == "assign" else command(
            resources, created.json()["assignment_id"], "transfer", role=role,
        )
>       assert result.status_code == 403, result.text
E       AssertionError: {"assignment_id":"6ceaf8b3-1477-4346-af85-692d5168bc1c","status":"ASSIGNED","owner_subject_id":"00000000-0000-0000-0000-000000000102","due_at":"2027-01-10T12:00:00Z","version":2,"audit_event_id":"fca8d47a-37e3-4f5f-b769-1b1cc663f57d"}
E       assert 200 == 403
E        +  where 200 = <Response [200 OK]>.status_code

tests/security/test_assisted_assignment_authority.py:113: AssertionError
---------------------------- Captured stderr setup -----------------------------
2026/10/09 23:38:58 INFO mlflow.store.db.utils: Creating initial MLflow database tables...
2026/10/09 23:38:58 INFO mlflow.store.db.utils: Updating database tables
{"timestamp": "2026-10-09T23:39:02.740799+00:00", "level": "INFO", "service": "oday-api", "actor": "user", "correlation_id": "c5138dc4-cd26-4c0e-9fc8-55cc689c9af5", "resource": "HTTP", "action": "POST", "result": "ok", "error_code": null, "message": "HTTP POST /api/v1/intakes/url ok"}
------------------------------ Captured log setup ------------------------------
INFO     mlflow.store.db.utils:utils.py:87 Creating initial MLflow database tables...
INFO     mlflow.store.db.utils:utils.py:294 Updating database tables
----------------------------- Captured stderr call -----------------------------
{"timestamp": "2026-10-09T23:39:02.750717+00:00", "level": "INFO", "service": "oday-api", "actor": "user", "correlation_id": "9deee31f-f63e-4057-9718-8cc99e78e4f7", "resource": "HTTP", "action": "PUT", "result": "ok", "error_code": null, "message": "HTTP PUT /api/v1/intakes/{intake_id}/assignment ok"}
____ test_target_requires_fresh_identity_authority[foreign-tenant-transfer] ____

resources = (<starlette.testclient.TestClient object at 0x7a44a0dcc5c0>, <apps.api.app.routes.listings.AssistedIntakeStore object ...df380>, <shared.identity.store.InMemoryIdentityStore object at 0x7a44a0dcf650>, '0b237a7e-e855-49b2-85cb-6248882b3441')
operation = 'transfer', defect = 'foreign-tenant'

    @pytest.mark.parametrize("operation", ["assign", "transfer"])
    @pytest.mark.parametrize("defect", ["missing", "disabled", "locked", "invited", "foreign-tenant",
                                        "foreign-scope-tenant", "no-business-role", "role-mismatch",
                                        "unknown-role", "missing-store"])
    def test_target_requires_fresh_identity_authority(resources, operation, defect):
        client, store, identities, intake_id = resources
        # Transfer setup is a genuine assignment endpoint, not a seeded child row.
        created = assign(resources) if operation == "transfer" else None
        if created is not None:
            assert created.status_code == 200, created.text
        role = "reviewer"
        account = identities.find_account_by_id(TARGET)
        if defect == "missing":
            identities._accounts.pop(UUID(TARGET))
        elif defect in {"disabled", "locked", "invited"}:
            identities.save_account(replace(account, status=defect))
        elif defect == "foreign-tenant":
            identities.save_account(replace(account, tenant_id=UUID(OUTSIDE)))
        elif defect == "foreign-scope-tenant":
            identities.set_account_scope(TARGET, Scope(tenant_id=OUTSIDE))
        elif defect == "no-business-role":
            identities.set_account_roles(TARGET, [Role.PLATFORM_ADMIN, Role.AUDITOR])
        elif defect == "role-mismatch":
            identities.set_account_roles(TARGET, [Role.EXPANSION_USER])
        elif defect == "unknown-role":
            role = "gov-queue"
        else:
            client.app.state.persistence_bundle.identity_store = None
        before = snapshot(store)
        result = assign(resources, role=role) if operation == "assign" else command(
            resources, created.json()["assignment_id"], "transfer", role=role,
        )
>       assert result.status_code == 403, result.text
E       AssertionError: {"assignment_id":"3295279d-2ef5-43b6-9ba4-7c316146b234","status":"TRANSFERRED","owner_subject_id":"00000000-0000-0000-0000-000000000102","due_at":"2027-01-10T12:00:00Z","version":3,"audit_event_id":"2f0a5804-1084-4854-be43-a19461d68423"}
E       assert 200 == 403
E        +  where 200 = <Response [200 OK]>.status_code

tests/security/test_assisted_assignment_authority.py:113: AssertionError
---------------------------- Captured stderr setup -----------------------------
2026/10/09 23:39:03 INFO mlflow.store.db.utils: Creating initial MLflow database tables...
2026/10/09 23:39:03 INFO mlflow.store.db.utils: Updating database tables
{"timestamp": "2026-10-09T23:39:06.508098+00:00", "level": "INFO", "service": "oday-api", "actor": "user", "correlation_id": "a5895183-bdd7-45d5-af03-39014f41808e", "resource": "HTTP", "action": "POST", "result": "ok", "error_code": null, "message": "HTTP POST /api/v1/intakes/url ok"}
------------------------------ Captured log setup ------------------------------
INFO     mlflow.store.db.utils:utils.py:87 Creating initial MLflow database tables...
INFO     mlflow.store.db.utils:utils.py:294 Updating database tables
----------------------------- Captured stderr call -----------------------------
{"timestamp": "2026-10-09T23:39:06.517713+00:00", "level": "INFO", "service": "oday-api", "actor": "user", "correlation_id": "04fdbdf7-7185-4314-b2ec-2149bb2f9651", "resource": "HTTP", "action": "PUT", "result": "ok", "error_code": null, "message": "HTTP PUT /api/v1/intakes/{intake_id}/assignment ok"}
{"timestamp": "2026-10-09T23:39:06.525730+00:00", "level": "INFO", "service": "oday-api", "actor": "user", "correlation_id": "5319c3be-de3a-43b0-8237-b6a2b7210102", "resource": "HTTP", "action": "POST", "result": "ok", "error_code": null, "message": "HTTP POST /api/v1/assignments/{assignment_id}/actions/transfer ok"}
__ test_target_requires_fresh_identity_authority[foreign-scope-tenant-assign] __

resources = (<starlette.testclient.TestClient object at 0x7a44991d3770>, <apps.api.app.routes.listings.AssistedIntakeStore object ...f1310>, <shared.identity.store.InMemoryIdentityStore object at 0x7a44991d12e0>, '213e5ab3-5684-4512-8c38-c49f4e74927c')
operation = 'assign', defect = 'foreign-scope-tenant'

    @pytest.mark.parametrize("operation", ["assign", "transfer"])
    @pytest.mark.parametrize("defect", ["missing", "disabled", "locked", "invited", "foreign-tenant",
                                        "foreign-scope-tenant", "no-business-role", "role-mismatch",
                                        "unknown-role", "missing-store"])
    def test_target_requires_fresh_identity_authority(resources, operation, defect):
        client, store, identities, intake_id = resources
        # Transfer setup is a genuine assignment endpoint, not a seeded child row.
        created = assign(resources) if operation == "transfer" else None
        if created is not None:
            assert created.status_code == 200, created.text
        role = "reviewer"
        account = identities.find_account_by_id(TARGET)
        if defect == "missing":
            identities._accounts.pop(UUID(TARGET))
        elif defect in {"disabled", "locked", "invited"}:
            identities.save_account(replace(account, status=defect))
        elif defect == "foreign-tenant":
            identities.save_account(replace(account, tenant_id=UUID(OUTSIDE)))
        elif defect == "foreign-scope-tenant":
            identities.set_account_scope(TARGET, Scope(tenant_id=OUTSIDE))
        elif defect == "no-business-role":
            identities.set_account_roles(TARGET, [Role.PLATFORM_ADMIN, Role.AUDITOR])
        elif defect == "role-mismatch":
            identities.set_account_roles(TARGET, [Role.EXPANSION_USER])
        elif defect == "unknown-role":
            role = "gov-queue"
        else:
            client.app.state.persistence_bundle.identity_store = None
        before = snapshot(store)
        result = assign(resources, role=role) if operation == "assign" else command(
            resources, created.json()["assignment_id"], "transfer", role=role,
        )
>       assert result.status_code == 403, result.text
E       AssertionError: {"assignment_id":"385fb937-7a2b-404b-b553-b4c0ce934542","status":"ASSIGNED","owner_subject_id":"00000000-0000-0000-0000-000000000102","due_at":"2027-01-10T12:00:00Z","version":2,"audit_event_id":"936a46c5-b16e-40d3-95a0-12661d60398f"}
E       assert 200 == 403
E        +  where 200 = <Response [200 OK]>.status_code

tests/security/test_assisted_assignment_authority.py:113: AssertionError
---------------------------- Captured stderr setup -----------------------------
2026/10/09 23:39:06 INFO mlflow.store.db.utils: Creating initial MLflow database tables...
2026/10/09 23:39:06 INFO mlflow.store.db.utils: Updating database tables
{"timestamp": "2026-10-09T23:39:10.947336+00:00", "level": "INFO", "service": "oday-api", "actor": "user", "correlation_id": "3de39bd2-e584-4c9e-b6a6-118782334dc9", "resource": "HTTP", "action": "POST", "result": "ok", "error_code": null, "message": "HTTP POST /api/v1/intakes/url ok"}
------------------------------ Captured log setup ------------------------------
INFO     mlflow.store.db.utils:utils.py:87 Creating initial MLflow database tables...
INFO     mlflow.store.db.utils:utils.py:294 Updating database tables
----------------------------- Captured stderr call -----------------------------
{"timestamp": "2026-10-09T23:39:10.956981+00:00", "level": "INFO", "service": "oday-api", "actor": "user", "correlation_id": "60b6656c-11eb-404c-859d-ff3e60f03800", "resource": "HTTP", "action": "PUT", "result": "ok", "error_code": null, "message": "HTTP PUT /api/v1/intakes/{intake_id}/assignment ok"}
_ test_target_requires_fresh_identity_authority[foreign-scope-tenant-transfer] _

resources = (<starlette.testclient.TestClient object at 0x7a449a47ce00>, <apps.api.app.routes.listings.AssistedIntakeStore object ...09a90>, <shared.identity.store.InMemoryIdentityStore object at 0x7a449a47e390>, '8d62f787-4d99-4501-80e0-4a177c596507')
operation = 'transfer', defect = 'foreign-scope-tenant'

    @pytest.mark.parametrize("operation", ["assign", "transfer"])
    @pytest.mark.parametrize("defect", ["missing", "disabled", "locked", "invited", "foreign-tenant",
                                        "foreign-scope-tenant", "no-business-role", "role-mismatch",
                                        "unknown-role", "missing-store"])
    def test_target_requires_fresh_identity_authority(resources, operation, defect):
        client, store, identities, intake_id = resources
        # Transfer setup is a genuine assignment endpoint, not a seeded child row.
        created = assign(resources) if operation == "transfer" else None
        if created is not None:
            assert created.status_code == 200, created.text
        role = "reviewer"
        account = identities.find_account_by_id(TARGET)
        if defect == "missing":
            identities._accounts.pop(UUID(TARGET))
        elif defect in {"disabled", "locked", "invited"}:
            identities.save_account(replace(account, status=defect))
        elif defect == "foreign-tenant":
            identities.save_account(replace(account, tenant_id=UUID(OUTSIDE)))
        elif defect == "foreign-scope-tenant":
            identities.set_account_scope(TARGET, Scope(tenant_id=OUTSIDE))
        elif defect == "no-business-role":
            identities.set_account_roles(TARGET, [Role.PLATFORM_ADMIN, Role.AUDITOR])
        elif defect == "role-mismatch":
            identities.set_account_roles(TARGET, [Role.EXPANSION_USER])
        elif defect == "unknown-role":
            role = "gov-queue"
        else:
            client.app.state.persistence_bundle.identity_store = None
        before = snapshot(store)
        result = assign(resources, role=role) if operation == "assign" else command(
            resources, created.json()["assignment_id"], "transfer", role=role,
        )
>       assert result.status_code == 403, result.text
E       AssertionError: {"assignment_id":"0c9a383c-a975-4573-9389-e0243fef0c20","status":"TRANSFERRED","owner_subject_id":"00000000-0000-0000-0000-000000000102","due_at":"2027-01-10T12:00:00Z","version":3,"audit_event_id":"21ce887c-f9f3-4c51-830d-567b8bcb3d7b"}
E       assert 200 == 403
E        +  where 200 = <Response [200 OK]>.status_code

tests/security/test_assisted_assignment_authority.py:113: AssertionError
---------------------------- Captured stderr setup -----------------------------
2026/10/09 23:39:11 INFO mlflow.store.db.utils: Creating initial MLflow database tables...
2026/10/09 23:39:11 INFO mlflow.store.db.utils: Updating database tables
{"timestamp": "2026-10-09T23:39:14.491017+00:00", "level": "INFO", "service": "oday-api", "actor": "user", "correlation_id": "1956f77e-a940-4f09-803c-a4a311b2fb0d", "resource": "HTTP", "action": "POST", "result": "ok", "error_code": null, "message": "HTTP POST /api/v1/intakes/url ok"}
------------------------------ Captured log setup ------------------------------
INFO     mlflow.store.db.utils:utils.py:87 Creating initial MLflow database tables...
INFO     mlflow.store.db.utils:utils.py:294 Updating database tables
----------------------------- Captured stderr call -----------------------------
{"timestamp": "2026-10-09T23:39:14.500934+00:00", "level": "INFO", "service": "oday-api", "actor": "user", "correlation_id": "72c14830-10a9-4527-b571-dfbd1878cbfd", "resource": "HTTP", "action": "PUT", "result": "ok", "error_code": null, "message": "HTTP PUT /api/v1/intakes/{intake_id}/assignment ok"}
{"timestamp": "2026-10-09T23:39:14.509350+00:00", "level": "INFO", "service": "oday-api", "actor": "user", "correlation_id": "cd4008c3-8e26-4c44-8f6d-e5a43adfca96", "resource": "HTTP", "action": "POST", "result": "ok", "error_code": null, "message": "HTTP POST /api/v1/assignments/{assignment_id}/actions/transfer ok"}
____ test_target_requires_fresh_identity_authority[no-business-role-assign] ____

resources = (<starlette.testclient.TestClient object at 0x7a449a5e37d0>, <apps.api.app.routes.listings.AssistedIntakeStore object ...5c9b0>, <shared.identity.store.InMemoryIdentityStore object at 0x7a449a5e02f0>, '09fc783c-930a-4fbe-8d9c-c6ab96878e71')
operation = 'assign', defect = 'no-business-role'

    @pytest.mark.parametrize("operation", ["assign", "transfer"])
    @pytest.mark.parametrize("defect", ["missing", "disabled", "locked", "invited", "foreign-tenant",
                                        "foreign-scope-tenant", "no-business-role", "role-mismatch",
                                        "unknown-role", "missing-store"])
    def test_target_requires_fresh_identity_authority(resources, operation, defect):
        client, store, identities, intake_id = resources
        # Transfer setup is a genuine assignment endpoint, not a seeded child row.
        created = assign(resources) if operation == "transfer" else None
        if created is not None:
            assert created.status_code == 200, created.text
        role = "reviewer"
        account = identities.find_account_by_id(TARGET)
        if defect == "missing":
            identities._accounts.pop(UUID(TARGET))
        elif defect in {"disabled", "locked", "invited"}:
            identities.save_account(replace(account, status=defect))
        elif defect == "foreign-tenant":
            identities.save_account(replace(account, tenant_id=UUID(OUTSIDE)))
        elif defect == "foreign-scope-tenant":
            identities.set_account_scope(TARGET, Scope(tenant_id=OUTSIDE))
        elif defect == "no-business-role":
            identities.set_account_roles(TARGET, [Role.PLATFORM_ADMIN, Role.AUDITOR])
        elif defect == "role-mismatch":
            identities.set_account_roles(TARGET, [Role.EXPANSION_USER])
        elif defect == "unknown-role":
            role = "gov-queue"
        else:
            client.app.state.persistence_bundle.identity_store = None
        before = snapshot(store)
        result = assign(resources, role=role) if operation == "assign" else command(
            resources, created.json()["assignment_id"], "transfer", role=role,
        )
>       assert result.status_code == 403, result.text
E       AssertionError: {"assignment_id":"373e2780-b2aa-48cf-be80-d90f2bc1c9b3","status":"ASSIGNED","owner_subject_id":"00000000-0000-0000-0000-000000000102","due_at":"2027-01-10T12:00:00Z","version":2,"audit_event_id":"c99e0458-90df-41cf-ba25-7259b66a8f38"}
E       assert 200 == 403
E        +  where 200 = <Response [200 OK]>.status_code

tests/security/test_assisted_assignment_authority.py:113: AssertionError
---------------------------- Captured stderr setup -----------------------------
2026/10/09 23:39:14 INFO mlflow.store.db.utils: Creating initial MLflow database tables...
2026/10/09 23:39:14 INFO mlflow.store.db.utils: Updating database tables
{"timestamp": "2026-10-09T23:39:18.780447+00:00", "level": "INFO", "service": "oday-api", "actor": "user", "correlation_id": "b9f88d0e-8f7d-4d05-9d18-b8a72422b30c", "resource": "HTTP", "action": "POST", "result": "ok", "error_code": null, "message": "HTTP POST /api/v1/intakes/url ok"}
------------------------------ Captured log setup ------------------------------
INFO     mlflow.store.db.utils:utils.py:87 Creating initial MLflow database tables...
INFO     mlflow.store.db.utils:utils.py:294 Updating database tables
----------------------------- Captured stderr call -----------------------------
{"timestamp": "2026-10-09T23:39:18.792542+00:00", "level": "INFO", "service": "oday-api", "actor": "user", "correlation_id": "f721ecbd-6ec8-4a26-bea0-45d549a5c6cb", "resource": "HTTP", "action": "PUT", "result": "ok", "error_code": null, "message": "HTTP PUT /api/v1/intakes/{intake_id}/assignment ok"}
___ test_target_requires_fresh_identity_authority[no-business-role-transfer] ___

resources = (<starlette.testclient.TestClient object at 0x7a44988850d0>, <apps.api.app.routes.listings.AssistedIntakeStore object ...9a000>, <shared.identity.store.InMemoryIdentityStore object at 0x7a4498885e50>, 'b00c3e41-c588-420f-a6e6-ca0ae7657491')
operation = 'transfer', defect = 'no-business-role'

    @pytest.mark.parametrize("operation", ["assign", "transfer"])
    @pytest.mark.parametrize("defect", ["missing", "disabled", "locked", "invited", "foreign-tenant",
                                        "foreign-scope-tenant", "no-business-role", "role-mismatch",
                                        "unknown-role", "missing-store"])
    def test_target_requires_fresh_identity_authority(resources, operation, defect):
        client, store, identities, intake_id = resources
        # Transfer setup is a genuine assignment endpoint, not a seeded child row.
        created = assign(resources) if operation == "transfer" else None
        if created is not None:
            assert created.status_code == 200, created.text
        role = "reviewer"
        account = identities.find_account_by_id(TARGET)
        if defect == "missing":
            identities._accounts.pop(UUID(TARGET))
        elif defect in {"disabled", "locked", "invited"}:
            identities.save_account(replace(account, status=defect))
        elif defect == "foreign-tenant":
            identities.save_account(replace(account, tenant_id=UUID(OUTSIDE)))
        elif defect == "foreign-scope-tenant":
            identities.set_account_scope(TARGET, Scope(tenant_id=OUTSIDE))
        elif defect == "no-business-role":
            identities.set_account_roles(TARGET, [Role.PLATFORM_ADMIN, Role.AUDITOR])
        elif defect == "role-mismatch":
            identities.set_account_roles(TARGET, [Role.EXPANSION_USER])
        elif defect == "unknown-role":
            role = "gov-queue"
        else:
            client.app.state.persistence_bundle.identity_store = None
        before = snapshot(store)
        result = assign(resources, role=role) if operation == "assign" else command(
            resources, created.json()["assignment_id"], "transfer", role=role,
        )
>       assert result.status_code == 403, result.text
E       AssertionError: {"assignment_id":"9d252235-4183-4330-b97e-7fe29d155e1f","status":"TRANSFERRED","owner_subject_id":"00000000-0000-0000-0000-000000000102","due_at":"2027-01-10T12:00:00Z","version":3,"audit_event_id":"7afdec86-27b8-456c-8fe3-c6a1c28f31a0"}
E       assert 200 == 403
E        +  where 200 = <Response [200 OK]>.status_code

tests/security/test_assisted_assignment_authority.py:113: AssertionError
---------------------------- Captured stderr setup -----------------------------
2026/10/09 23:39:19 INFO mlflow.store.db.utils: Creating initial MLflow database tables...
2026/10/09 23:39:19 INFO mlflow.store.db.utils: Updating database tables
{"timestamp": "2026-10-09T23:39:22.313265+00:00", "level": "INFO", "service": "oday-api", "actor": "user", "correlation_id": "96f6c436-170f-44a1-a645-644960c5ac97", "resource": "HTTP", "action": "POST", "result": "ok", "error_code": null, "message": "HTTP POST /api/v1/intakes/url ok"}
------------------------------ Captured log setup ------------------------------
INFO     mlflow.store.db.utils:utils.py:87 Creating initial MLflow database tables...
INFO     mlflow.store.db.utils:utils.py:294 Updating database tables
----------------------------- Captured stderr call -----------------------------
{"timestamp": "2026-10-09T23:39:22.322428+00:00", "level": "INFO", "service": "oday-api", "actor": "user", "correlation_id": "6be08f0f-b5cd-4c33-b9da-c27883f1956a", "resource": "HTTP", "action": "PUT", "result": "ok", "error_code": null, "message": "HTTP PUT /api/v1/intakes/{intake_id}/assignment ok"}
{"timestamp": "2026-10-09T23:39:22.330020+00:00", "level": "INFO", "service": "oday-api", "actor": "user", "correlation_id": "9ad26aa7-c984-4595-b787-6543de29d62b", "resource": "HTTP", "action": "POST", "result": "ok", "error_code": null, "message": "HTTP POST /api/v1/assignments/{assignment_id}/actions/transfer ok"}
_____ test_target_requires_fresh_identity_authority[role-mismatch-assign] ______

resources = (<starlette.testclient.TestClient object at 0x7a4493c351f0>, <apps.api.app.routes.listings.AssistedIntakeStore object ...cbd40>, <shared.identity.store.InMemoryIdentityStore object at 0x7a4499629d00>, '8188913c-ce0d-43f9-9a2d-1515005d04d4')
operation = 'assign', defect = 'role-mismatch'

    @pytest.mark.parametrize("operation", ["assign", "transfer"])
    @pytest.mark.parametrize("defect", ["missing", "disabled", "locked", "invited", "foreign-tenant",
                                        "foreign-scope-tenant", "no-business-role", "role-mismatch",
                                        "unknown-role", "missing-store"])
    def test_target_requires_fresh_identity_authority(resources, operation, defect):
        client, store, identities, intake_id = resources
        # Transfer setup is a genuine assignment endpoint, not a seeded child row.
        created = assign(resources) if operation == "transfer" else None
        if created is not None:
            assert created.status_code == 200, created.text
        role = "reviewer"
        account = identities.find_account_by_id(TARGET)
        if defect == "missing":
            identities._accounts.pop(UUID(TARGET))
        elif defect in {"disabled", "locked", "invited"}:
            identities.save_account(replace(account, status=defect))
        elif defect == "foreign-tenant":
            identities.save_account(replace(account, tenant_id=UUID(OUTSIDE)))
        elif defect == "foreign-scope-tenant":
            identities.set_account_scope(TARGET, Scope(tenant_id=OUTSIDE))
        elif defect == "no-business-role":
            identities.set_account_roles(TARGET, [Role.PLATFORM_ADMIN, Role.AUDITOR])
        elif defect == "role-mismatch":
            identities.set_account_roles(TARGET, [Role.EXPANSION_USER])
        elif defect == "unknown-role":
            role = "gov-queue"
        else:
            client.app.state.persistence_bundle.identity_store = None
        before = snapshot(store)
        result = assign(resources, role=role) if operation == "assign" else command(
            resources, created.json()["assignment_id"], "transfer", role=role,
        )
>       assert result.status_code == 403, result.text
E       AssertionError: {"assignment_id":"62f5a20a-3e2b-4f81-9931-062bc5ac4131","status":"ASSIGNED","owner_subject_id":"00000000-0000-0000-0000-000000000102","due_at":"2027-01-10T12:00:00Z","version":2,"audit_event_id":"78eb2f2c-6e54-4fcf-a557-8f209936588a"}
E       assert 200 == 403
E        +  where 200 = <Response [200 OK]>.status_code

tests/security/test_assisted_assignment_authority.py:113: AssertionError
---------------------------- Captured stderr setup -----------------------------
2026/10/09 23:39:22 INFO mlflow.store.db.utils: Creating initial MLflow database tables...
2026/10/09 23:39:22 INFO mlflow.store.db.utils: Updating database tables
{"timestamp": "2026-10-09T23:39:26.834456+00:00", "level": "INFO", "service": "oday-api", "actor": "user", "correlation_id": "94d52b09-cd04-45fb-bc15-0262127c94b7", "resource": "HTTP", "action": "POST", "result": "ok", "error_code": null, "message": "HTTP POST /api/v1/intakes/url ok"}
------------------------------ Captured log setup ------------------------------
INFO     mlflow.store.db.utils:utils.py:87 Creating initial MLflow database tables...
INFO     mlflow.store.db.utils:utils.py:294 Updating database tables
----------------------------- Captured stderr call -----------------------------
{"timestamp": "2026-10-09T23:39:26.849760+00:00", "level": "INFO", "service": "oday-api", "actor": "user", "correlation_id": "a8254b36-d78b-4801-929d-5306d636d250", "resource": "HTTP", "action": "PUT", "result": "ok", "error_code": null, "message": "HTTP PUT /api/v1/intakes/{intake_id}/assignment ok"}
____ test_target_requires_fresh_identity_authority[role-mismatch-transfer] _____

resources = (<starlette.testclient.TestClient object at 0x7a44a031f500>, <apps.api.app.routes.listings.AssistedIntakeStore object ...c2300>, <shared.identity.store.InMemoryIdentityStore object at 0x7a449ab0a870>, 'ff764c47-67d3-41d9-93ba-be0fa6623abe')
operation = 'transfer', defect = 'role-mismatch'

    @pytest.mark.parametrize("operation", ["assign", "transfer"])
    @pytest.mark.parametrize("defect", ["missing", "disabled", "locked", "invited", "foreign-tenant",
                                        "foreign-scope-tenant", "no-business-role", "role-mismatch",
                                        "unknown-role", "missing-store"])
    def test_target_requires_fresh_identity_authority(resources, operation, defect):
        client, store, identities, intake_id = resources
        # Transfer setup is a genuine assignment endpoint, not a seeded child row.
        created = assign(resources) if operation == "transfer" else None
        if created is not None:
            assert created.status_code == 200, created.text
        role = "reviewer"
        account = identities.find_account_by_id(TARGET)
        if defect == "missing":
            identities._accounts.pop(UUID(TARGET))
        elif defect in {"disabled", "locked", "invited"}:
            identities.save_account(replace(account, status=defect))
        elif defect == "foreign-tenant":
            identities.save_account(replace(account, tenant_id=UUID(OUTSIDE)))
        elif defect == "foreign-scope-tenant":
            identities.set_account_scope(TARGET, Scope(tenant_id=OUTSIDE))
        elif defect == "no-business-role":
            identities.set_account_roles(TARGET, [Role.PLATFORM_ADMIN, Role.AUDITOR])
        elif defect == "role-mismatch":
            identities.set_account_roles(TARGET, [Role.EXPANSION_USER])
        elif defect == "unknown-role":
            role = "gov-queue"
        else:
            client.app.state.persistence_bundle.identity_store = None
        before = snapshot(store)
        result = assign(resources, role=role) if operation == "assign" else command(
            resources, created.json()["assignment_id"], "transfer", role=role,
        )
>       assert result.status_code == 403, result.text
E       AssertionError: {"assignment_id":"4394ae3f-30f8-4751-a408-3555adda2ddf","status":"TRANSFERRED","owner_subject_id":"00000000-0000-0000-0000-000000000102","due_at":"2027-01-10T12:00:00Z","version":3,"audit_event_id":"5ba43630-3e07-441e-9aee-65fc17cb163b"}
E       assert 200 == 403
E        +  where 200 = <Response [200 OK]>.status_code

tests/security/test_assisted_assignment_authority.py:113: AssertionError
---------------------------- Captured stderr setup -----------------------------
2026/10/09 23:39:27 INFO mlflow.store.db.utils: Creating initial MLflow database tables...
2026/10/09 23:39:27 INFO mlflow.store.db.utils: Updating database tables
{"timestamp": "2026-10-09T23:39:30.520252+00:00", "level": "INFO", "service": "oday-api", "actor": "user", "correlation_id": "77b320fc-d761-400d-94a4-680afb1adfc3", "resource": "HTTP", "action": "POST", "result": "ok", "error_code": null, "message": "HTTP POST /api/v1/intakes/url ok"}
------------------------------ Captured log setup ------------------------------
INFO     mlflow.store.db.utils:utils.py:87 Creating initial MLflow database tables...
INFO     mlflow.store.db.utils:utils.py:294 Updating database tables
----------------------------- Captured stderr call -----------------------------
{"timestamp": "2026-10-09T23:39:30.529237+00:00", "level": "INFO", "service": "oday-api", "actor": "user", "correlation_id": "accdaed8-5620-45f3-877b-c50fdca987b5", "resource": "HTTP", "action": "PUT", "result": "ok", "error_code": null, "message": "HTTP PUT /api/v1/intakes/{intake_id}/assignment ok"}
{"timestamp": "2026-10-09T23:39:30.537053+00:00", "level": "INFO", "service": "oday-api", "actor": "user", "correlation_id": "1f8f9af2-d444-472c-8be6-4f62026c9e51", "resource": "HTTP", "action": "POST", "result": "ok", "error_code": null, "message": "HTTP POST /api/v1/assignments/{assignment_id}/actions/transfer ok"}
______ test_target_requires_fresh_identity_authority[unknown-role-assign] ______

resources = (<starlette.testclient.TestClient object at 0x7a44980d68a0>, <apps.api.app.routes.listings.AssistedIntakeStore object ...28b30>, <shared.identity.store.InMemoryIdentityStore object at 0x7a44980d4920>, 'a081f6d7-968c-476b-bda5-a179704ae1e8')
operation = 'assign', defect = 'unknown-role'

    @pytest.mark.parametrize("operation", ["assign", "transfer"])
    @pytest.mark.parametrize("defect", ["missing", "disabled", "locked", "invited", "foreign-tenant",
                                        "foreign-scope-tenant", "no-business-role", "role-mismatch",
                                        "unknown-role", "missing-store"])
    def test_target_requires_fresh_identity_authority(resources, operation, defect):
        client, store, identities, intake_id = resources
        # Transfer setup is a genuine assignment endpoint, not a seeded child row.
        created = assign(resources) if operation == "transfer" else None
        if created is not None:
            assert created.status_code == 200, created.text
        role = "reviewer"
        account = identities.find_account_by_id(TARGET)
        if defect == "missing":
            identities._accounts.pop(UUID(TARGET))
        elif defect in {"disabled", "locked", "invited"}:
            identities.save_account(replace(account, status=defect))
        elif defect == "foreign-tenant":
            identities.save_account(replace(account, tenant_id=UUID(OUTSIDE)))
        elif defect == "foreign-scope-tenant":
            identities.set_account_scope(TARGET, Scope(tenant_id=OUTSIDE))
        elif defect == "no-business-role":
            identities.set_account_roles(TARGET, [Role.PLATFORM_ADMIN, Role.AUDITOR])
        elif defect == "role-mismatch":
            identities.set_account_roles(TARGET, [Role.EXPANSION_USER])
        elif defect == "unknown-role":
            role = "gov-queue"
        else:
            client.app.state.persistence_bundle.identity_store = None
        before = snapshot(store)
        result = assign(resources, role=role) if operation == "assign" else command(
            resources, created.json()["assignment_id"], "transfer", role=role,
        )
>       assert result.status_code == 403, result.text
E       AssertionError: {"assignment_id":"dc8f16c0-6bda-4a73-ab17-ce17145e43ae","status":"ASSIGNED","owner_subject_id":"00000000-0000-0000-0000-000000000102","due_at":"2027-01-10T12:00:00Z","version":2,"audit_event_id":"0ef3ef75-7165-4143-8abf-2afaf3c15951"}
E       assert 200 == 403
E        +  where 200 = <Response [200 OK]>.status_code

tests/security/test_assisted_assignment_authority.py:113: AssertionError
---------------------------- Captured stderr setup -----------------------------
2026/10/09 23:39:30 INFO mlflow.store.db.utils: Creating initial MLflow database tables...
2026/10/09 23:39:30 INFO mlflow.store.db.utils: Updating database tables
{"timestamp": "2026-10-09T23:39:33.962560+00:00", "level": "INFO", "service": "oday-api", "actor": "user", "correlation_id": "0cb2069a-8426-44c2-bab9-f8e3d3ffbd99", "resource": "HTTP", "action": "POST", "result": "ok", "error_code": null, "message": "HTTP POST /api/v1/intakes/url ok"}
------------------------------ Captured log setup ------------------------------
INFO     mlflow.store.db.utils:utils.py:87 Creating initial MLflow database tables...
INFO     mlflow.store.db.utils:utils.py:294 Updating database tables
----------------------------- Captured stderr call -----------------------------
{"timestamp": "2026-10-09T23:39:33.971636+00:00", "level": "INFO", "service": "oday-api", "actor": "user", "correlation_id": "f588489d-3768-4965-9655-15d45b05fb5d", "resource": "HTTP", "action": "PUT", "result": "ok", "error_code": null, "message": "HTTP PUT /api/v1/intakes/{intake_id}/assignment ok"}
_____ test_target_requires_fresh_identity_authority[unknown-role-transfer] _____

resources = (<starlette.testclient.TestClient object at 0x7a4492cfede0>, <apps.api.app.routes.listings.AssistedIntakeStore object ...9ecf0>, <shared.identity.store.InMemoryIdentityStore object at 0x7a4492cfd4f0>, '75dde529-d450-481c-b824-ec7544d7f46b')
operation = 'transfer', defect = 'unknown-role'

    @pytest.mark.parametrize("operation", ["assign", "transfer"])
    @pytest.mark.parametrize("defect", ["missing", "disabled", "locked", "invited", "foreign-tenant",
                                        "foreign-scope-tenant", "no-business-role", "role-mismatch",
                                        "unknown-role", "missing-store"])
    def test_target_requires_fresh_identity_authority(resources, operation, defect):
        client, store, identities, intake_id = resources
        # Transfer setup is a genuine assignment endpoint, not a seeded child row.
        created = assign(resources) if operation == "transfer" else None
        if created is not None:
            assert created.status_code == 200, created.text
        role = "reviewer"
        account = identities.find_account_by_id(TARGET)
        if defect == "missing":
            identities._accounts.pop(UUID(TARGET))
        elif defect in {"disabled", "locked", "invited"}:
            identities.save_account(replace(account, status=defect))
        elif defect == "foreign-tenant":
            identities.save_account(replace(account, tenant_id=UUID(OUTSIDE)))
        elif defect == "foreign-scope-tenant":
            identities.set_account_scope(TARGET, Scope(tenant_id=OUTSIDE))
        elif defect == "no-business-role":
            identities.set_account_roles(TARGET, [Role.PLATFORM_ADMIN, Role.AUDITOR])
        elif defect == "role-mismatch":
            identities.set_account_roles(TARGET, [Role.EXPANSION_USER])
        elif defect == "unknown-role":
            role = "gov-queue"
        else:
            client.app.state.persistence_bundle.identity_store = None
        before = snapshot(store)
        result = assign(resources, role=role) if operation == "assign" else command(
            resources, created.json()["assignment_id"], "transfer", role=role,
        )
>       assert result.status_code == 403, result.text
E       AssertionError: {"assignment_id":"b4614396-efbe-4dae-93c1-b03cb5cf2c13","status":"TRANSFERRED","owner_subject_id":"00000000-0000-0000-0000-000000000102","due_at":"2027-01-10T12:00:00Z","version":3,"audit_event_id":"c2414c3f-40e8-4e80-8707-24b11cad42e4"}
E       assert 200 == 403
E        +  where 200 = <Response [200 OK]>.status_code

tests/security/test_assisted_assignment_authority.py:113: AssertionError
---------------------------- Captured stderr setup -----------------------------
2026/10/09 23:39:35 INFO mlflow.store.db.utils: Creating initial MLflow database tables...
2026/10/09 23:39:35 INFO mlflow.store.db.utils: Updating database tables
{"timestamp": "2026-10-09T23:39:38.364916+00:00", "level": "INFO", "service": "oday-api", "actor": "user", "correlation_id": "5b19a6bc-9715-468b-95c4-116c295eb024", "resource": "HTTP", "action": "POST", "result": "ok", "error_code": null, "message": "HTTP POST /api/v1/intakes/url ok"}
------------------------------ Captured log setup ------------------------------
INFO     mlflow.store.db.utils:utils.py:87 Creating initial MLflow database tables...
INFO     mlflow.store.db.utils:utils.py:294 Updating database tables
----------------------------- Captured stderr call -----------------------------
{"timestamp": "2026-10-09T23:39:38.374645+00:00", "level": "INFO", "service": "oday-api", "actor": "user", "correlation_id": "fdb69f3a-2df9-4021-a6ca-ab00726efcb9", "resource": "HTTP", "action": "PUT", "result": "ok", "error_code": null, "message": "HTTP PUT /api/v1/intakes/{intake_id}/assignment ok"}
{"timestamp": "2026-10-09T23:39:38.383065+00:00", "level": "INFO", "service": "oday-api", "actor": "user", "correlation_id": "6ed4f564-dea6-44f1-807b-b47051a1ef47", "resource": "HTTP", "action": "POST", "result": "ok", "error_code": null, "message": "HTTP POST /api/v1/assignments/{assignment_id}/actions/transfer ok"}
_____ test_target_requires_fresh_identity_authority[missing-store-assign] ______

resources = (<starlette.testclient.TestClient object at 0x7a44a0e8de20>, <apps.api.app.routes.listings.AssistedIntakeStore object ...64590>, <shared.identity.store.InMemoryIdentityStore object at 0x7a4499efeba0>, 'e401bdb2-1e01-437b-b926-0ae9022ddb5c')
operation = 'assign', defect = 'missing-store'

    @pytest.mark.parametrize("operation", ["assign", "transfer"])
    @pytest.mark.parametrize("defect", ["missing", "disabled", "locked", "invited", "foreign-tenant",
                                        "foreign-scope-tenant", "no-business-role", "role-mismatch",
                                        "unknown-role", "missing-store"])
    def test_target_requires_fresh_identity_authority(resources, operation, defect):
        client, store, identities, intake_id = resources
        # Transfer setup is a genuine assignment endpoint, not a seeded child row.
        created = assign(resources) if operation == "transfer" else None
        if created is not None:
            assert created.status_code == 200, created.text
        role = "reviewer"
        account = identities.find_account_by_id(TARGET)
        if defect == "missing":
            identities._accounts.pop(UUID(TARGET))
        elif defect in {"disabled", "locked", "invited"}:
            identities.save_account(replace(account, status=defect))
        elif defect == "foreign-tenant":
            identities.save_account(replace(account, tenant_id=UUID(OUTSIDE)))
        elif defect == "foreign-scope-tenant":
            identities.set_account_scope(TARGET, Scope(tenant_id=OUTSIDE))
        elif defect == "no-business-role":
            identities.set_account_roles(TARGET, [Role.PLATFORM_ADMIN, Role.AUDITOR])
        elif defect == "role-mismatch":
            identities.set_account_roles(TARGET, [Role.EXPANSION_USER])
        elif defect == "unknown-role":
            role = "gov-queue"
        else:
>           client.app.state.persistence_bundle.identity_store = None
            ^^^^^^^^^^^^^^^^^^^^^^^^^^^^^^^^^^^^^^^^^^^^^^^^^^

tests/security/test_assisted_assignment_authority.py:108: 
_ _ _ _ _ _ _ _ _ _ _ _ _ _ _ _ _ _ _ _ _ _ _ _ _ _ _ _ _ _ _ _ _ _ _ _ _ _ _ _ 

self = PersistenceBundle(mode='memory', audit_log=<shared.audit.events.InMemoryAuditLog object at 0x7a4499effcb0>, evidence_s...ly cannot", rollback_policy_version=None, approved_by='architecture_owner', owner_role='network-planning-authority')]))
name = 'identity_store', value = None

>   ???
E   dataclasses.FrozenInstanceError: cannot assign to field 'identity_store'

<string>:4: FrozenInstanceError
---------------------------- Captured stderr setup -----------------------------
2026/10/09 23:39:38 INFO mlflow.store.db.utils: Creating initial MLflow database tables...
2026/10/09 23:39:38 INFO mlflow.store.db.utils: Updating database tables
{"timestamp": "2026-10-09T23:39:42.210943+00:00", "level": "INFO", "service": "oday-api", "actor": "user", "correlation_id": "8097ede7-dada-490c-a292-cc1814454006", "resource": "HTTP", "action": "POST", "result": "ok", "error_code": null, "message": "HTTP POST /api/v1/intakes/url ok"}
------------------------------ Captured log setup ------------------------------
INFO     mlflow.store.db.utils:utils.py:87 Creating initial MLflow database tables...
INFO     mlflow.store.db.utils:utils.py:294 Updating database tables
____ test_target_requires_fresh_identity_authority[missing-store-transfer] _____

resources = (<starlette.testclient.TestClient object at 0x7a44992592b0>, <apps.api.app.routes.listings.AssistedIntakeStore object ...b61b0>, <shared.identity.store.InMemoryIdentityStore object at 0x7a4499259220>, '73aaf24e-92d1-407f-9723-44155768c13a')
operation = 'transfer', defect = 'missing-store'

    @pytest.mark.parametrize("operation", ["assign", "transfer"])
    @pytest.mark.parametrize("defect", ["missing", "disabled", "locked", "invited", "foreign-tenant",
                                        "foreign-scope-tenant", "no-business-role", "role-mismatch",
                                        "unknown-role", "missing-store"])
    def test_target_requires_fresh_identity_authority(resources, operation, defect):
        client, store, identities, intake_id = resources
        # Transfer setup is a genuine assignment endpoint, not a seeded child row.
        created = assign(resources) if operation == "transfer" else None
        if created is not None:
            assert created.status_code == 200, created.text
        role = "reviewer"
        account = identities.find_account_by_id(TARGET)
        if defect == "missing":
            identities._accounts.pop(UUID(TARGET))
        elif defect in {"disabled", "locked", "invited"}:
            identities.save_account(replace(account, status=defect))
        elif defect == "foreign-tenant":
            identities.save_account(replace(account, tenant_id=UUID(OUTSIDE)))
        elif defect == "foreign-scope-tenant":
            identities.set_account_scope(TARGET, Scope(tenant_id=OUTSIDE))
        elif defect == "no-business-role":
            identities.set_account_roles(TARGET, [Role.PLATFORM_ADMIN, Role.AUDITOR])
        elif defect == "role-mismatch":
            identities.set_account_roles(TARGET, [Role.EXPANSION_USER])
        elif defect == "unknown-role":
            role = "gov-queue"
        else:
>           client.app.state.persistence_bundle.identity_store = None
            ^^^^^^^^^^^^^^^^^^^^^^^^^^^^^^^^^^^^^^^^^^^^^^^^^^

tests/security/test_assisted_assignment_authority.py:108: 
_ _ _ _ _ _ _ _ _ _ _ _ _ _ _ _ _ _ _ _ _ _ _ _ _ _ _ _ _ _ _ _ _ _ _ _ _ _ _ _ 

self = PersistenceBundle(mode='memory', audit_log=<shared.audit.events.InMemoryAuditLog object at 0x7a4499258800>, evidence_s...ly cannot", rollback_policy_version=None, approved_by='architecture_owner', owner_role='network-planning-authority')]))
name = 'identity_store', value = None

>   ???
E   dataclasses.FrozenInstanceError: cannot assign to field 'identity_store'

<string>:4: FrozenInstanceError
---------------------------- Captured stderr setup -----------------------------
2026/10/09 23:39:42 INFO mlflow.store.db.utils: Creating initial MLflow database tables...
2026/10/09 23:39:42 INFO mlflow.store.db.utils: Updating database tables
{"timestamp": "2026-10-09T23:39:46.733415+00:00", "level": "INFO", "service": "oday-api", "actor": "user", "correlation_id": "066fbb11-0c6c-41bc-84f8-e135139bf388", "resource": "HTTP", "action": "POST", "result": "ok", "error_code": null, "message": "HTTP POST /api/v1/intakes/url ok"}
------------------------------ Captured log setup ------------------------------
INFO     mlflow.store.db.utils:utils.py:87 Creating initial MLflow database tables...
INFO     mlflow.store.db.utils:utils.py:294 Updating database tables
----------------------------- Captured stderr call -----------------------------
{"timestamp": "2026-10-09T23:39:46.743786+00:00", "level": "INFO", "service": "oday-api", "actor": "user", "correlation_id": "5e0ef76a-3dd3-4c77-b6d4-d00960be360c", "resource": "HTTP", "action": "PUT", "result": "ok", "error_code": null, "message": "HTTP PUT /api/v1/intakes/{intake_id}/assignment ok"}
_ test_assignment_child_tenant_does_not_authorize_invalid_link[dangling-claim] _

resources = (<starlette.testclient.TestClient object at 0x7a449a3687a0>, <apps.api.app.routes.listings.AssistedIntakeStore object ...99430>, <shared.identity.store.InMemoryIdentityStore object at 0x7a449a36be30>, '8f11e982-4763-4c6d-9778-08086db263be')
action = 'claim', link = 'dangling'

    @pytest.mark.parametrize("action", ["claim", "transfer", "complete"])
    @pytest.mark.parametrize("link", ["dangling", "foreign-tenant", "standalone-missing-axis"])
    def test_assignment_child_tenant_does_not_authorize_invalid_link(resources, action, link):
        _, store, _, intake_id = resources
        created = assign(resources)
        assert created.status_code == 200
        assignment_id = created.json()["assignment_id"]
        if action == "complete":
            assert command(resources, assignment_id, "claim").status_code == 200
        scope = {}
        if link == "dangling":
            store.assignments[assignment_id]["intake_id"] = str(uuid4())
        elif link == "foreign-tenant":
            store.intakes[intake_id]["scope"]["tenant_id"] = OUTSIDE
        else:
            store.assignments[assignment_id].pop("intake_id")
            scope = {"x-brand-ids": ALLOWED}
        before = snapshot(store)
        result = command(resources, assignment_id, action,
                         version=store.assignments[assignment_id]["version"], scope=scope)
>       assert result.status_code == 403, result.text
E       AssertionError: {"assignment_id":"2f8e4870-a3d2-4303-9fb5-1f3f74872296","status":"CLAIMED","owner_subject_id":"00000000-0000-0000-0000-000000000102","due_at":"2027-01-10T12:00:00Z","version":3,"audit_event_id":"4ac8aa6d-9443-43f3-bcc2-c51c6005efc7"}
E       assert 200 == 403
E        +  where 200 = <Response [200 OK]>.status_code

tests/security/test_assisted_assignment_authority.py:157: AssertionError
---------------------------- Captured stderr setup -----------------------------
2026/10/09 23:39:47 INFO mlflow.store.db.utils: Creating initial MLflow database tables...
2026/10/09 23:39:47 INFO mlflow.store.db.utils: Updating database tables
{"timestamp": "2026-10-09T23:39:50.317895+00:00", "level": "INFO", "service": "oday-api", "actor": "user", "correlation_id": "78847f28-ba31-4dea-b7a0-be6ef32863b8", "resource": "HTTP", "action": "POST", "result": "ok", "error_code": null, "message": "HTTP POST /api/v1/intakes/url ok"}
------------------------------ Captured log setup ------------------------------
INFO     mlflow.store.db.utils:utils.py:87 Creating initial MLflow database tables...
INFO     mlflow.store.db.utils:utils.py:294 Updating database tables
----------------------------- Captured stderr call -----------------------------
{"timestamp": "2026-10-09T23:39:50.327278+00:00", "level": "INFO", "service": "oday-api", "actor": "user", "correlation_id": "93bf8cf6-ff08-4c3d-9641-f79e62f4fb33", "resource": "HTTP", "action": "PUT", "result": "ok", "error_code": null, "message": "HTTP PUT /api/v1/intakes/{intake_id}/assignment ok"}
{"timestamp": "2026-10-09T23:39:50.335623+00:00", "level": "INFO", "service": "oday-api", "actor": "user", "correlation_id": "bab24f30-55c7-4fa5-88ff-ca2daec0e32f", "resource": "HTTP", "action": "POST", "result": "ok", "error_code": null, "message": "HTTP POST /api/v1/assignments/{assignment_id}/actions/claim ok"}
_ test_assignment_child_tenant_does_not_authorize_invalid_link[dangling-transfer] _

resources = (<starlette.testclient.TestClient object at 0x7a4492361460>, <apps.api.app.routes.listings.AssistedIntakeStore object ...7e0f0>, <shared.identity.store.InMemoryIdentityStore object at 0x7a4492361f70>, '7488e61f-4e05-4cbd-b6eb-0ebfede856c9')
action = 'transfer', link = 'dangling'

    @pytest.mark.parametrize("action", ["claim", "transfer", "complete"])
    @pytest.mark.parametrize("link", ["dangling", "foreign-tenant", "standalone-missing-axis"])
    def test_assignment_child_tenant_does_not_authorize_invalid_link(resources, action, link):
        _, store, _, intake_id = resources
        created = assign(resources)
        assert created.status_code == 200
        assignment_id = created.json()["assignment_id"]
        if action == "complete":
            assert command(resources, assignment_id, "claim").status_code == 200
        scope = {}
        if link == "dangling":
            store.assignments[assignment_id]["intake_id"] = str(uuid4())
        elif link == "foreign-tenant":
            store.intakes[intake_id]["scope"]["tenant_id"] = OUTSIDE
        else:
            store.assignments[assignment_id].pop("intake_id")
            scope = {"x-brand-ids": ALLOWED}
        before = snapshot(store)
        result = command(resources, assignment_id, action,
                         version=store.assignments[assignment_id]["version"], scope=scope)
>       assert result.status_code == 403, result.text
E       AssertionError: {"assignment_id":"a987c24b-98e1-4543-a9d6-4de078ca8e5d","status":"TRANSFERRED","owner_subject_id":"00000000-0000-0000-0000-000000000102","due_at":"2027-01-10T12:00:00Z","version":3,"audit_event_id":"2c9d1141-9600-4aed-a7b2-218175450c9e"}
E       assert 200 == 403
E        +  where 200 = <Response [200 OK]>.status_code

tests/security/test_assisted_assignment_authority.py:157: AssertionError
---------------------------- Captured stderr setup -----------------------------
2026/10/09 23:39:50 INFO mlflow.store.db.utils: Creating initial MLflow database tables...
2026/10/09 23:39:50 INFO mlflow.store.db.utils: Updating database tables
{"timestamp": "2026-10-09T23:39:54.841478+00:00", "level": "INFO", "service": "oday-api", "actor": "user", "correlation_id": "2174424f-4a9e-44af-a1d8-553cc02156c7", "resource": "HTTP", "action": "POST", "result": "ok", "error_code": null, "message": "HTTP POST /api/v1/intakes/url ok"}
------------------------------ Captured log setup ------------------------------
INFO     mlflow.store.db.utils:utils.py:87 Creating initial MLflow database tables...
INFO     mlflow.store.db.utils:utils.py:294 Updating database tables
----------------------------- Captured stderr call -----------------------------
{"timestamp": "2026-10-09T23:39:54.852134+00:00", "level": "INFO", "service": "oday-api", "actor": "user", "correlation_id": "1856e44b-eacb-4056-a577-fde8cdffc879", "resource": "HTTP", "action": "PUT", "result": "ok", "error_code": null, "message": "HTTP PUT /api/v1/intakes/{intake_id}/assignment ok"}
{"timestamp": "2026-10-09T23:39:54.860629+00:00", "level": "INFO", "service": "oday-api", "actor": "user", "correlation_id": "dc2d7374-b706-45db-b65e-4d46d0edfe1b", "resource": "HTTP", "action": "POST", "result": "ok", "error_code": null, "message": "HTTP POST /api/v1/assignments/{assignment_id}/actions/transfer ok"}
_ test_assignment_child_tenant_does_not_authorize_invalid_link[dangling-complete] _

resources = (<starlette.testclient.TestClient object at 0x7a4499063020>, <apps.api.app.routes.listings.AssistedIntakeStore object ...698e0>, <shared.identity.store.InMemoryIdentityStore object at 0x7a44990625a0>, '874c64ca-ed8c-4db8-9da3-65903ccfb954')
action = 'complete', link = 'dangling'

    @pytest.mark.parametrize("action", ["claim", "transfer", "complete"])
    @pytest.mark.parametrize("link", ["dangling", "foreign-tenant", "standalone-missing-axis"])
    def test_assignment_child_tenant_does_not_authorize_invalid_link(resources, action, link):
        _, store, _, intake_id = resources
        created = assign(resources)
        assert created.status_code == 200
        assignment_id = created.json()["assignment_id"]
        if action == "complete":
            assert command(resources, assignment_id, "claim").status_code == 200
        scope = {}
        if link == "dangling":
            store.assignments[assignment_id]["intake_id"] = str(uuid4())
        elif link == "foreign-tenant":
            store.intakes[intake_id]["scope"]["tenant_id"] = OUTSIDE
        else:
            store.assignments[assignment_id].pop("intake_id")
            scope = {"x-brand-ids": ALLOWED}
        before = snapshot(store)
        result = command(resources, assignment_id, action,
                         version=store.assignments[assignment_id]["version"], scope=scope)
>       assert result.status_code == 403, result.text
E       AssertionError: {"assignment_id":"cfb0248d-8431-4a82-9a33-80c036150a88","status":"COMPLETED","owner_subject_id":"00000000-0000-0000-0000-000000000102","due_at":"2027-01-10T12:00:00Z","version":4,"audit_event_id":"08471d0e-8f79-431c-a99d-6491e4d0dd33"}
E       assert 200 == 403
E        +  where 200 = <Response [200 OK]>.status_code

tests/security/test_assisted_assignment_authority.py:157: AssertionError
---------------------------- Captured stderr setup -----------------------------
2026/10/09 23:39:55 INFO mlflow.store.db.utils: Creating initial MLflow database tables...
2026/10/09 23:39:55 INFO mlflow.store.db.utils: Updating database tables
{"timestamp": "2026-10-09T23:39:58.635760+00:00", "level": "INFO", "service": "oday-api", "actor": "user", "correlation_id": "be7c9ec1-7c6e-4844-bde2-8b0a7378b6df", "resource": "HTTP", "action": "POST", "result": "ok", "error_code": null, "message": "HTTP POST /api/v1/intakes/url ok"}
------------------------------ Captured log setup ------------------------------
INFO     mlflow.store.db.utils:utils.py:87 Creating initial MLflow database tables...
INFO     mlflow.store.db.utils:utils.py:294 Updating database tables
----------------------------- Captured stderr call -----------------------------
{"timestamp": "2026-10-09T23:39:58.645718+00:00", "level": "INFO", "service": "oday-api", "actor": "user", "correlation_id": "a80580df-1cf6-4646-a2be-9858c0c0ad62", "resource": "HTTP", "action": "PUT", "result": "ok", "error_code": null, "message": "HTTP PUT /api/v1/intakes/{intake_id}/assignment ok"}
{"timestamp": "2026-10-09T23:39:58.654173+00:00", "level": "INFO", "service": "oday-api", "actor": "user", "correlation_id": "f48e4975-ef74-457a-83d0-6d6f1bb750d2", "resource": "HTTP", "action": "POST", "result": "ok", "error_code": null, "message": "HTTP POST /api/v1/assignments/{assignment_id}/actions/claim ok"}
{"timestamp": "2026-10-09T23:39:58.662316+00:00", "level": "INFO", "service": "oday-api", "actor": "user", "correlation_id": "3524f81c-01c1-45a7-90ac-ca575916106c", "resource": "HTTP", "action": "POST", "result": "ok", "error_code": null, "message": "HTTP POST /api/v1/assignments/{assignment_id}/actions/complete ok"}
_ test_assignment_child_tenant_does_not_authorize_invalid_link[foreign-tenant-claim] _

resources = (<starlette.testclient.TestClient object at 0x7a449acfea20>, <apps.api.app.routes.listings.AssistedIntakeStore object ...b1e80>, <shared.identity.store.InMemoryIdentityStore object at 0x7a449acfeff0>, '38cf0cad-6ce2-435a-b60f-6681f22af944')
action = 'claim', link = 'foreign-tenant'

    @pytest.mark.parametrize("action", ["claim", "transfer", "complete"])
    @pytest.mark.parametrize("link", ["dangling", "foreign-tenant", "standalone-missing-axis"])
    def test_assignment_child_tenant_does_not_authorize_invalid_link(resources, action, link):
        _, store, _, intake_id = resources
        created = assign(resources)
        assert created.status_code == 200
        assignment_id = created.json()["assignment_id"]
        if action == "complete":
            assert command(resources, assignment_id, "claim").status_code == 200
        scope = {}
        if link == "dangling":
            store.assignments[assignment_id]["intake_id"] = str(uuid4())
        elif link == "foreign-tenant":
            store.intakes[intake_id]["scope"]["tenant_id"] = OUTSIDE
        else:
            store.assignments[assignment_id].pop("intake_id")
            scope = {"x-brand-ids": ALLOWED}
        before = snapshot(store)
        result = command(resources, assignment_id, action,
                         version=store.assignments[assignment_id]["version"], scope=scope)
>       assert result.status_code == 403, result.text
E       AssertionError: {"assignment_id":"6a96f98c-587a-4e67-ad7c-5da3a20eef8e","status":"CLAIMED","owner_subject_id":"00000000-0000-0000-0000-000000000102","due_at":"2027-01-10T12:00:00Z","version":3,"audit_event_id":"7c9e98da-77bb-4345-a45c-9be3183aa7fe"}
E       assert 200 == 403
E        +  where 200 = <Response [200 OK]>.status_code

tests/security/test_assisted_assignment_authority.py:157: AssertionError
---------------------------- Captured stderr setup -----------------------------
2026/10/09 23:39:58 INFO mlflow.store.db.utils: Creating initial MLflow database tables...
2026/10/09 23:39:59 INFO mlflow.store.db.utils: Updating database tables
{"timestamp": "2026-10-09T23:40:02.409540+00:00", "level": "INFO", "service": "oday-api", "actor": "user", "correlation_id": "67de7b50-8161-424f-98e0-ab80d6a82b2b", "resource": "HTTP", "action": "POST", "result": "ok", "error_code": null, "message": "HTTP POST /api/v1/intakes/url ok"}
------------------------------ Captured log setup ------------------------------
INFO     mlflow.store.db.utils:utils.py:87 Creating initial MLflow database tables...
INFO     mlflow.store.db.utils:utils.py:294 Updating database tables
----------------------------- Captured stderr call -----------------------------
{"timestamp": "2026-10-09T23:40:02.421932+00:00", "level": "INFO", "service": "oday-api", "actor": "user", "correlation_id": "43f36495-220e-443f-af0c-282943563e4b", "resource": "HTTP", "action": "PUT", "result": "ok", "error_code": null, "message": "HTTP PUT /api/v1/intakes/{intake_id}/assignment ok"}
{"timestamp": "2026-10-09T23:40:02.432252+00:00", "level": "INFO", "service": "oday-api", "actor": "user", "correlation_id": "cafee05e-27be-47b4-9135-2df01e519b16", "resource": "HTTP", "action": "POST", "result": "ok", "error_code": null, "message": "HTTP POST /api/v1/assignments/{assignment_id}/actions/claim ok"}
_ test_assignment_child_tenant_does_not_authorize_invalid_link[foreign-tenant-transfer] _

resources = (<starlette.testclient.TestClient object at 0x7a4490a4d550>, <apps.api.app.routes.listings.AssistedIntakeStore object ...69a30>, <shared.identity.store.InMemoryIdentityStore object at 0x7a4490a4ecc0>, 'f4c127b7-e86f-4ed2-a86b-d00cca1d1eae')
action = 'transfer', link = 'foreign-tenant'

    @pytest.mark.parametrize("action", ["claim", "transfer", "complete"])
    @pytest.mark.parametrize("link", ["dangling", "foreign-tenant", "standalone-missing-axis"])
    def test_assignment_child_tenant_does_not_authorize_invalid_link(resources, action, link):
        _, store, _, intake_id = resources
        created = assign(resources)
        assert created.status_code == 200
        assignment_id = created.json()["assignment_id"]
        if action == "complete":
            assert command(resources, assignment_id, "claim").status_code == 200
        scope = {}
        if link == "dangling":
            store.assignments[assignment_id]["intake_id"] = str(uuid4())
        elif link == "foreign-tenant":
            store.intakes[intake_id]["scope"]["tenant_id"] = OUTSIDE
        else:
            store.assignments[assignment_id].pop("intake_id")
            scope = {"x-brand-ids": ALLOWED}
        before = snapshot(store)
        result = command(resources, assignment_id, action,
                         version=store.assignments[assignment_id]["version"], scope=scope)
>       assert result.status_code == 403, result.text
E       AssertionError: {"assignment_id":"f9f21121-2f7f-4c44-a4a6-2b1d3da12cc7","status":"TRANSFERRED","owner_subject_id":"00000000-0000-0000-0000-000000000102","due_at":"2027-01-10T12:00:00Z","version":3,"audit_event_id":"8c3e9c78-7b3d-407e-be73-e324137c7282"}
E       assert 200 == 403
E        +  where 200 = <Response [200 OK]>.status_code

tests/security/test_assisted_assignment_authority.py:157: AssertionError
---------------------------- Captured stderr setup -----------------------------
2026/10/09 23:40:02 INFO mlflow.store.db.utils: Creating initial MLflow database tables...
2026/10/09 23:40:02 INFO mlflow.store.db.utils: Updating database tables
{"timestamp": "2026-10-09T23:40:07.484193+00:00", "level": "INFO", "service": "oday-api", "actor": "user", "correlation_id": "dc696c30-f32e-4d69-b97e-b7d8ea2fbc3e", "resource": "HTTP", "action": "POST", "result": "ok", "error_code": null, "message": "HTTP POST /api/v1/intakes/url ok"}
------------------------------ Captured log setup ------------------------------
INFO     mlflow.store.db.utils:utils.py:87 Creating initial MLflow database tables...
INFO     mlflow.store.db.utils:utils.py:294 Updating database tables
----------------------------- Captured stderr call -----------------------------
{"timestamp": "2026-10-09T23:40:07.493989+00:00", "level": "INFO", "service": "oday-api", "actor": "user", "correlation_id": "825939de-5572-46cc-b791-8fb08484256e", "resource": "HTTP", "action": "PUT", "result": "ok", "error_code": null, "message": "HTTP PUT /api/v1/intakes/{intake_id}/assignment ok"}
{"timestamp": "2026-10-09T23:40:07.502541+00:00", "level": "INFO", "service": "oday-api", "actor": "user", "correlation_id": "fabbdcbd-2afe-44e0-a347-cecb6bdb9ec3", "resource": "HTTP", "action": "POST", "result": "ok", "error_code": null, "message": "HTTP POST /api/v1/assignments/{assignment_id}/actions/transfer ok"}
_ test_assignment_child_tenant_does_not_authorize_invalid_link[foreign-tenant-complete] _

resources = (<starlette.testclient.TestClient object at 0x7a449977d1f0>, <apps.api.app.routes.listings.AssistedIntakeStore object ...b4980>, <shared.identity.store.InMemoryIdentityStore object at 0x7a4493f35220>, 'bf84efac-02e0-4052-a95b-65f254ab7a88')
action = 'complete', link = 'foreign-tenant'

    @pytest.mark.parametrize("action", ["claim", "transfer", "complete"])
    @pytest.mark.parametrize("link", ["dangling", "foreign-tenant", "standalone-missing-axis"])
    def test_assignment_child_tenant_does_not_authorize_invalid_link(resources, action, link):
        _, store, _, intake_id = resources
        created = assign(resources)
        assert created.status_code == 200
        assignment_id = created.json()["assignment_id"]
        if action == "complete":
            assert command(resources, assignment_id, "claim").status_code == 200
        scope = {}
        if link == "dangling":
            store.assignments[assignment_id]["intake_id"] = str(uuid4())
        elif link == "foreign-tenant":
            store.intakes[intake_id]["scope"]["tenant_id"] = OUTSIDE
        else:
            store.assignments[assignment_id].pop("intake_id")
            scope = {"x-brand-ids": ALLOWED}
        before = snapshot(store)
        result = command(resources, assignment_id, action,
                         version=store.assignments[assignment_id]["version"], scope=scope)
>       assert result.status_code == 403, result.text
E       AssertionError: {"assignment_id":"171ebb87-1780-4ae6-a697-6554618947f0","status":"COMPLETED","owner_subject_id":"00000000-0000-0000-0000-000000000102","due_at":"2027-01-10T12:00:00Z","version":4,"audit_event_id":"e56c3f70-538f-4a56-acf5-8dd8af21e02c"}
E       assert 200 == 403
E        +  where 200 = <Response [200 OK]>.status_code

tests/security/test_assisted_assignment_authority.py:157: AssertionError
---------------------------- Captured stderr setup -----------------------------
2026/10/09 23:40:07 INFO mlflow.store.db.utils: Creating initial MLflow database tables...
2026/10/09 23:40:07 INFO mlflow.store.db.utils: Updating database tables
{"timestamp": "2026-10-09T23:40:11.307781+00:00", "level": "INFO", "service": "oday-api", "actor": "user", "correlation_id": "5ae1b19a-b7b2-4e63-88c6-6cf7d195b84e", "resource": "HTTP", "action": "POST", "result": "ok", "error_code": null, "message": "HTTP POST /api/v1/intakes/url ok"}
------------------------------ Captured log setup ------------------------------
INFO     mlflow.store.db.utils:utils.py:87 Creating initial MLflow database tables...
INFO     mlflow.store.db.utils:utils.py:294 Updating database tables
----------------------------- Captured stderr call -----------------------------
{"timestamp": "2026-10-09T23:40:11.317363+00:00", "level": "INFO", "service": "oday-api", "actor": "user", "correlation_id": "bf192777-2114-494b-8696-962a63e05777", "resource": "HTTP", "action": "PUT", "result": "ok", "error_code": null, "message": "HTTP PUT /api/v1/intakes/{intake_id}/assignment ok"}
{"timestamp": "2026-10-09T23:40:11.325809+00:00", "level": "INFO", "service": "oday-api", "actor": "user", "correlation_id": "af4a537c-1e93-40f0-b284-b9a279b97a43", "resource": "HTTP", "action": "POST", "result": "ok", "error_code": null, "message": "HTTP POST /api/v1/assignments/{assignment_id}/actions/claim ok"}
{"timestamp": "2026-10-09T23:40:11.334101+00:00", "level": "INFO", "service": "oday-api", "actor": "user", "correlation_id": "0f486c07-bfa3-448d-9fd1-bd302dab6313", "resource": "HTTP", "action": "POST", "result": "ok", "error_code": null, "message": "HTTP POST /api/v1/assignments/{assignment_id}/actions/complete ok"}
_ test_assignment_child_tenant_does_not_authorize_invalid_link[standalone-missing-axis-claim] _

resources = (<starlette.testclient.TestClient object at 0x7a44936a51f0>, <apps.api.app.routes.listings.AssistedIntakeStore object ...f97c0>, <shared.identity.store.InMemoryIdentityStore object at 0x7a4492cdb200>, '195c9e1d-9ca4-4b8c-951b-b94f31168e20')
action = 'claim', link = 'standalone-missing-axis'

    @pytest.mark.parametrize("action", ["claim", "transfer", "complete"])
    @pytest.mark.parametrize("link", ["dangling", "foreign-tenant", "standalone-missing-axis"])
    def test_assignment_child_tenant_does_not_authorize_invalid_link(resources, action, link):
        _, store, _, intake_id = resources
        created = assign(resources)
        assert created.status_code == 200
        assignment_id = created.json()["assignment_id"]
        if action == "complete":
            assert command(resources, assignment_id, "claim").status_code == 200
        scope = {}
        if link == "dangling":
            store.assignments[assignment_id]["intake_id"] = str(uuid4())
        elif link == "foreign-tenant":
            store.intakes[intake_id]["scope"]["tenant_id"] = OUTSIDE
        else:
            store.assignments[assignment_id].pop("intake_id")
            scope = {"x-brand-ids": ALLOWED}
        before = snapshot(store)
        result = command(resources, assignment_id, action,
                         version=store.assignments[assignment_id]["version"], scope=scope)
>       assert result.status_code == 403, result.text
E       AssertionError: {"assignment_id":"cdda30a1-d2b7-4f2a-ad22-28a4bbf7614b","status":"CLAIMED","owner_subject_id":"00000000-0000-0000-0000-000000000102","due_at":"2027-01-10T12:00:00Z","version":3,"audit_event_id":"01ff9220-15d2-47ac-8bc8-7199bd46d089"}
E       assert 200 == 403
E        +  where 200 = <Response [200 OK]>.status_code

tests/security/test_assisted_assignment_authority.py:157: AssertionError
---------------------------- Captured stderr setup -----------------------------
2026/10/09 23:40:11 INFO mlflow.store.db.utils: Creating initial MLflow database tables...
2026/10/09 23:40:11 INFO mlflow.store.db.utils: Updating database tables
{"timestamp": "2026-10-09T23:40:14.951934+00:00", "level": "INFO", "service": "oday-api", "actor": "user", "correlation_id": "c2a5fe98-7db5-4d3b-b2ac-c29ba0237d6e", "resource": "HTTP", "action": "POST", "result": "ok", "error_code": null, "message": "HTTP POST /api/v1/intakes/url ok"}
------------------------------ Captured log setup ------------------------------
INFO     mlflow.store.db.utils:utils.py:87 Creating initial MLflow database tables...
INFO     mlflow.store.db.utils:utils.py:294 Updating database tables
----------------------------- Captured stderr call -----------------------------
{"timestamp": "2026-10-09T23:40:14.961346+00:00", "level": "INFO", "service": "oday-api", "actor": "user", "correlation_id": "0f468cba-2151-43a0-b8b8-6eac03fe6f3f", "resource": "HTTP", "action": "PUT", "result": "ok", "error_code": null, "message": "HTTP PUT /api/v1/intakes/{intake_id}/assignment ok"}
{"timestamp": "2026-10-09T23:40:14.969219+00:00", "level": "INFO", "service": "oday-api", "actor": "user", "correlation_id": "0759bdb8-6d58-41f2-9558-0f0ed42aac2d", "resource": "HTTP", "action": "POST", "result": "ok", "error_code": null, "message": "HTTP POST /api/v1/assignments/{assignment_id}/actions/claim ok"}
_ test_assignment_child_tenant_does_not_authorize_invalid_link[standalone-missing-axis-transfer] _

resources = (<starlette.testclient.TestClient object at 0x7a449002dbe0>, <apps.api.app.routes.listings.AssistedIntakeStore object ...6d130>, <shared.identity.store.InMemoryIdentityStore object at 0x7a448ffdf380>, '8c3e9851-9afa-4e53-822f-e9fc3ff2248f')
action = 'transfer', link = 'standalone-missing-axis'

    @pytest.mark.parametrize("action", ["claim", "transfer", "complete"])
    @pytest.mark.parametrize("link", ["dangling", "foreign-tenant", "standalone-missing-axis"])
    def test_assignment_child_tenant_does_not_authorize_invalid_link(resources, action, link):
        _, store, _, intake_id = resources
        created = assign(resources)
        assert created.status_code == 200
        assignment_id = created.json()["assignment_id"]
        if action == "complete":
            assert command(resources, assignment_id, "claim").status_code == 200
        scope = {}
        if link == "dangling":
            store.assignments[assignment_id]["intake_id"] = str(uuid4())
        elif link == "foreign-tenant":
            store.intakes[intake_id]["scope"]["tenant_id"] = OUTSIDE
        else:
            store.assignments[assignment_id].pop("intake_id")
            scope = {"x-brand-ids": ALLOWED}
        before = snapshot(store)
        result = command(resources, assignment_id, action,
                         version=store.assignments[assignment_id]["version"], scope=scope)
>       assert result.status_code == 403, result.text
E       AssertionError: {"assignment_id":"bbcdc837-a9c0-46c6-830b-2c03f74d2c76","status":"TRANSFERRED","owner_subject_id":"00000000-0000-0000-0000-000000000102","due_at":"2027-01-10T12:00:00Z","version":3,"audit_event_id":"14b7901c-50c7-42d6-b7c7-78d18815ae8f"}
E       assert 200 == 403
E        +  where 200 = <Response [200 OK]>.status_code

tests/security/test_assisted_assignment_authority.py:157: AssertionError
---------------------------- Captured stderr setup -----------------------------
2026/10/09 23:40:15 INFO mlflow.store.db.utils: Creating initial MLflow database tables...
2026/10/09 23:40:15 INFO mlflow.store.db.utils: Updating database tables
{"timestamp": "2026-10-09T23:40:19.716183+00:00", "level": "INFO", "service": "oday-api", "actor": "user", "correlation_id": "b5e3a737-4a32-4e10-a03b-2c78a6f950c7", "resource": "HTTP", "action": "POST", "result": "ok", "error_code": null, "message": "HTTP POST /api/v1/intakes/url ok"}
------------------------------ Captured log setup ------------------------------
INFO     mlflow.store.db.utils:utils.py:87 Creating initial MLflow database tables...
INFO     mlflow.store.db.utils:utils.py:294 Updating database tables
----------------------------- Captured stderr call -----------------------------
{"timestamp": "2026-10-09T23:40:19.727469+00:00", "level": "INFO", "service": "oday-api", "actor": "user", "correlation_id": "77ce0d75-a1ce-4762-b6a0-498a13d2ab6e", "resource": "HTTP", "action": "PUT", "result": "ok", "error_code": null, "message": "HTTP PUT /api/v1/intakes/{intake_id}/assignment ok"}
{"timestamp": "2026-10-09T23:40:19.736940+00:00", "level": "INFO", "service": "oday-api", "actor": "user", "correlation_id": "950d01f0-0803-400d-83a8-8219d372b8f4", "resource": "HTTP", "action": "POST", "result": "ok", "error_code": null, "message": "HTTP POST /api/v1/assignments/{assignment_id}/actions/transfer ok"}
_ test_assignment_child_tenant_does_not_authorize_invalid_link[standalone-missing-axis-complete] _

resources = (<starlette.testclient.TestClient object at 0x7a449358d7f0>, <apps.api.app.routes.listings.AssistedIntakeStore object ...5a630>, <shared.identity.store.InMemoryIdentityStore object at 0x7a449a39ae10>, '93d81a9e-269f-4752-8552-cea737f4924a')
action = 'complete', link = 'standalone-missing-axis'

    @pytest.mark.parametrize("action", ["claim", "transfer", "complete"])
    @pytest.mark.parametrize("link", ["dangling", "foreign-tenant", "standalone-missing-axis"])
    def test_assignment_child_tenant_does_not_authorize_invalid_link(resources, action, link):
        _, store, _, intake_id = resources
        created = assign(resources)
        assert created.status_code == 200
        assignment_id = created.json()["assignment_id"]
        if action == "complete":
            assert command(resources, assignment_id, "claim").status_code == 200
        scope = {}
        if link == "dangling":
            store.assignments[assignment_id]["intake_id"] = str(uuid4())
        elif link == "foreign-tenant":
            store.intakes[intake_id]["scope"]["tenant_id"] = OUTSIDE
        else:
            store.assignments[assignment_id].pop("intake_id")
            scope = {"x-brand-ids": ALLOWED}
        before = snapshot(store)
        result = command(resources, assignment_id, action,
                         version=store.assignments[assignment_id]["version"], scope=scope)
>       assert result.status_code == 403, result.text
E       AssertionError: {"assignment_id":"f772339a-0f24-427c-b577-9cd34bac8ff4","status":"COMPLETED","owner_subject_id":"00000000-0000-0000-0000-000000000102","due_at":"2027-01-10T12:00:00Z","version":4,"audit_event_id":"bebacb34-174d-4d0b-a623-de1346d16202"}
E       assert 200 == 403
E        +  where 200 = <Response [200 OK]>.status_code

tests/security/test_assisted_assignment_authority.py:157: AssertionError
---------------------------- Captured stderr setup -----------------------------
2026/10/09 23:40:20 INFO mlflow.store.db.utils: Creating initial MLflow database tables...
2026/10/09 23:40:20 INFO mlflow.store.db.utils: Updating database tables
{"timestamp": "2026-10-09T23:40:23.318784+00:00", "level": "INFO", "service": "oday-api", "actor": "user", "correlation_id": "69d7f34b-b260-4c65-b018-159445dfca87", "resource": "HTTP", "action": "POST", "result": "ok", "error_code": null, "message": "HTTP POST /api/v1/intakes/url ok"}
------------------------------ Captured log setup ------------------------------
INFO     mlflow.store.db.utils:utils.py:87 Creating initial MLflow database tables...
INFO     mlflow.store.db.utils:utils.py:294 Updating database tables
----------------------------- Captured stderr call -----------------------------
{"timestamp": "2026-10-09T23:40:23.328642+00:00", "level": "INFO", "service": "oday-api", "actor": "user", "correlation_id": "61a9ae2c-f339-4fd0-b51a-292cd04d2e7f", "resource": "HTTP", "action": "PUT", "result": "ok", "error_code": null, "message": "HTTP PUT /api/v1/intakes/{intake_id}/assignment ok"}
{"timestamp": "2026-10-09T23:40:23.336925+00:00", "level": "INFO", "service": "oday-api", "actor": "user", "correlation_id": "a9b4ef17-8ee9-4aa0-bddc-78eea0b9860d", "resource": "HTTP", "action": "POST", "result": "ok", "error_code": null, "message": "HTTP POST /api/v1/assignments/{assignment_id}/actions/claim ok"}
{"timestamp": "2026-10-09T23:40:23.344639+00:00", "level": "INFO", "service": "oday-api", "actor": "user", "correlation_id": "5de3ef72-7f7c-4dde-985b-e1ad2cd1778c", "resource": "HTTP", "action": "POST", "result": "ok", "error_code": null, "message": "HTTP POST /api/v1/assignments/{assignment_id}/actions/complete ok"}
________ test_transfer_requires_nonblank_reason_and_handoff[   -reason] ________

resources = (<starlette.testclient.TestClient object at 0x7a44936d6b40>, <apps.api.app.routes.listings.AssistedIntakeStore object ...ca690>, <shared.identity.store.InMemoryIdentityStore object at 0x7a44a0f356d0>, '9d943dfc-bed1-4ea3-9210-334431fbef6d')
field = 'reason', value = '   '

    @pytest.mark.parametrize("field", ["reason", "handoff_note"])
    @pytest.mark.parametrize("value", ["   ", "\n\t ", " a "])
    def test_transfer_requires_nonblank_reason_and_handoff(resources, field, value):
        _, store, _, _ = resources
        created = assign(resources)
        body = {"target_owner_subject_id": TARGET, "target_owner_role": "reviewer",
                "reason": "Route source review", "handoff_note": "Check source evidence", field: value}
        before = snapshot(store)
        result = resources[0].post(
            f"/api/v1/assignments/{created.json()['assignment_id']}/actions/transfer", json=body,
            headers={**HEADERS, "If-Match": created.headers["ETag"], "Idempotency-Key": f"blank-transfer-{uuid4()}"},
        )
>       assert result.status_code == 422, result.text
E       AssertionError: {"assignment_id":"afe51aac-05d5-4269-9a2c-6b2d9abce322","status":"TRANSFERRED","owner_subject_id":"00000000-0000-0000-0000-000000000102","due_at":"2027-01-10T12:00:00Z","version":3,"audit_event_id":"c22bddd3-bccb-43d4-9853-b7bee87230a2"}
E       assert 200 == 422
E        +  where 200 = <Response [200 OK]>.status_code

tests/security/test_assisted_assignment_authority.py:270: AssertionError
---------------------------- Captured stderr setup -----------------------------
2026/10/09 23:40:23 INFO mlflow.store.db.utils: Creating initial MLflow database tables...
2026/10/09 23:40:23 INFO mlflow.store.db.utils: Updating database tables
{"timestamp": "2026-10-09T23:40:27.232730+00:00", "level": "INFO", "service": "oday-api", "actor": "user", "correlation_id": "a67104ad-4183-4bb5-84c2-09813d10ec8f", "resource": "HTTP", "action": "POST", "result": "ok", "error_code": null, "message": "HTTP POST /api/v1/intakes/url ok"}
------------------------------ Captured log setup ------------------------------
INFO     mlflow.store.db.utils:utils.py:87 Creating initial MLflow database tables...
INFO     mlflow.store.db.utils:utils.py:294 Updating database tables
----------------------------- Captured stderr call -----------------------------
{"timestamp": "2026-10-09T23:40:27.243015+00:00", "level": "INFO", "service": "oday-api", "actor": "user", "correlation_id": "653c64d1-8681-477e-b9e2-ca2694bc5124", "resource": "HTTP", "action": "PUT", "result": "ok", "error_code": null, "message": "HTTP PUT /api/v1/intakes/{intake_id}/assignment ok"}
{"timestamp": "2026-10-09T23:40:27.252928+00:00", "level": "INFO", "service": "oday-api", "actor": "user", "correlation_id": "0057c546-42a4-4dde-9501-b4b6a99c71e2", "resource": "HTTP", "action": "POST", "result": "ok", "error_code": null, "message": "HTTP POST /api/v1/assignments/{assignment_id}/actions/transfer ok"}
_____ test_transfer_requires_nonblank_reason_and_handoff[   -handoff_note] _____

resources = (<starlette.testclient.TestClient object at 0x7a4490f79280>, <apps.api.app.routes.listings.AssistedIntakeStore object ...c7860>, <shared.identity.store.InMemoryIdentityStore object at 0x7a448f293bf0>, 'd90a582d-34a1-4515-ba19-7f31edb0bc07')
field = 'handoff_note', value = '   '

    @pytest.mark.parametrize("field", ["reason", "handoff_note"])
    @pytest.mark.parametrize("value", ["   ", "\n\t ", " a "])
    def test_transfer_requires_nonblank_reason_and_handoff(resources, field, value):
        _, store, _, _ = resources
        created = assign(resources)
        body = {"target_owner_subject_id": TARGET, "target_owner_role": "reviewer",
                "reason": "Route source review", "handoff_note": "Check source evidence", field: value}
        before = snapshot(store)
        result = resources[0].post(
            f"/api/v1/assignments/{created.json()['assignment_id']}/actions/transfer", json=body,
            headers={**HEADERS, "If-Match": created.headers["ETag"], "Idempotency-Key": f"blank-transfer-{uuid4()}"},
        )
>       assert result.status_code == 422, result.text
E       AssertionError: {"assignment_id":"9c3809ce-a17c-4bdc-9320-0e0042d94140","status":"TRANSFERRED","owner_subject_id":"00000000-0000-0000-0000-000000000102","due_at":"2027-01-10T12:00:00Z","version":3,"audit_event_id":"87f6db92-38b2-4819-8126-f669458638e9"}
E       assert 200 == 422
E        +  where 200 = <Response [200 OK]>.status_code

tests/security/test_assisted_assignment_authority.py:270: AssertionError
---------------------------- Captured stderr setup -----------------------------
2026/10/09 23:40:27 INFO mlflow.store.db.utils: Creating initial MLflow database tables...
2026/10/09 23:40:27 INFO mlflow.store.db.utils: Updating database tables
{"timestamp": "2026-10-09T23:40:33.047523+00:00", "level": "INFO", "service": "oday-api", "actor": "user", "correlation_id": "69faf354-9868-4dea-a236-96422e624e5f", "resource": "HTTP", "action": "POST", "result": "ok", "error_code": null, "message": "HTTP POST /api/v1/intakes/url ok"}
------------------------------ Captured log setup ------------------------------
INFO     mlflow.store.db.utils:utils.py:87 Creating initial MLflow database tables...
INFO     mlflow.store.db.utils:utils.py:294 Updating database tables
----------------------------- Captured stderr call -----------------------------
{"timestamp": "2026-10-09T23:40:33.058196+00:00", "level": "INFO", "service": "oday-api", "actor": "user", "correlation_id": "53561091-72a4-4706-ae5e-32e90f1cf3b6", "resource": "HTTP", "action": "PUT", "result": "ok", "error_code": null, "message": "HTTP PUT /api/v1/intakes/{intake_id}/assignment ok"}
{"timestamp": "2026-10-09T23:40:33.066893+00:00", "level": "INFO", "service": "oday-api", "actor": "user", "correlation_id": "e27d3bc7-bf9d-4fb9-a908-37750ceb1961", "resource": "HTTP", "action": "POST", "result": "ok", "error_code": null, "message": "HTTP POST /api/v1/assignments/{assignment_id}/actions/transfer ok"}
_______ test_transfer_requires_nonblank_reason_and_handoff[\n\t -reason] _______

resources = (<starlette.testclient.TestClient object at 0x7a4491fdd1f0>, <apps.api.app.routes.listings.AssistedIntakeStore object ...a49b0>, <shared.identity.store.InMemoryIdentityStore object at 0x7a449013b3b0>, '29b93202-0d68-44ab-94e1-eb1b4d8da660')
field = 'reason', value = '\n\t '

    @pytest.mark.parametrize("field", ["reason", "handoff_note"])
    @pytest.mark.parametrize("value", ["   ", "\n\t ", " a "])
    def test_transfer_requires_nonblank_reason_and_handoff(resources, field, value):
        _, store, _, _ = resources
        created = assign(resources)
        body = {"target_owner_subject_id": TARGET, "target_owner_role": "reviewer",
                "reason": "Route source review", "handoff_note": "Check source evidence", field: value}
        before = snapshot(store)
        result = resources[0].post(
            f"/api/v1/assignments/{created.json()['assignment_id']}/actions/transfer", json=body,
            headers={**HEADERS, "If-Match": created.headers["ETag"], "Idempotency-Key": f"blank-transfer-{uuid4()}"},
        )
>       assert result.status_code == 422, result.text
E       AssertionError: {"assignment_id":"7accba84-d2d6-4cae-b01e-d3ef6639b381","status":"TRANSFERRED","owner_subject_id":"00000000-0000-0000-0000-000000000102","due_at":"2027-01-10T12:00:00Z","version":3,"audit_event_id":"b0d64aae-3d49-435d-b63b-8b2f6fb46e16"}
E       assert 200 == 422
E        +  where 200 = <Response [200 OK]>.status_code

tests/security/test_assisted_assignment_authority.py:270: AssertionError
---------------------------- Captured stderr setup -----------------------------
2026/10/09 23:40:33 INFO mlflow.store.db.utils: Creating initial MLflow database tables...
2026/10/09 23:40:33 INFO mlflow.store.db.utils: Updating database tables
{"timestamp": "2026-10-09T23:40:37.560279+00:00", "level": "INFO", "service": "oday-api", "actor": "user", "correlation_id": "810dea32-4840-4dc2-9537-200b5b5a22d1", "resource": "HTTP", "action": "POST", "result": "ok", "error_code": null, "message": "HTTP POST /api/v1/intakes/url ok"}
------------------------------ Captured log setup ------------------------------
INFO     mlflow.store.db.utils:utils.py:87 Creating initial MLflow database tables...
INFO     mlflow.store.db.utils:utils.py:294 Updating database tables
----------------------------- Captured stderr call -----------------------------
{"timestamp": "2026-10-09T23:40:37.572823+00:00", "level": "INFO", "service": "oday-api", "actor": "user", "correlation_id": "1b4aa1b2-26f2-42b4-908a-e3553527981d", "resource": "HTTP", "action": "PUT", "result": "ok", "error_code": null, "message": "HTTP PUT /api/v1/intakes/{intake_id}/assignment ok"}
{"timestamp": "2026-10-09T23:40:37.584151+00:00", "level": "INFO", "service": "oday-api", "actor": "user", "correlation_id": "c1e707a6-990a-4149-8f1d-ecae3a281097", "resource": "HTTP", "action": "POST", "result": "ok", "error_code": null, "message": "HTTP POST /api/v1/assignments/{assignment_id}/actions/transfer ok"}
____ test_transfer_requires_nonblank_reason_and_handoff[\n\t -handoff_note] ____

resources = (<starlette.testclient.TestClient object at 0x7a448fb19100>, <apps.api.app.routes.listings.AssistedIntakeStore object ...197f0>, <shared.identity.store.InMemoryIdentityStore object at 0x7a448fb18560>, '123f4c4e-6c1e-45fd-9676-1f74a38f67d2')
field = 'handoff_note', value = '\n\t '

    @pytest.mark.parametrize("field", ["reason", "handoff_note"])
    @pytest.mark.parametrize("value", ["   ", "\n\t ", " a "])
    def test_transfer_requires_nonblank_reason_and_handoff(resources, field, value):
        _, store, _, _ = resources
        created = assign(resources)
        body = {"target_owner_subject_id": TARGET, "target_owner_role": "reviewer",
                "reason": "Route source review", "handoff_note": "Check source evidence", field: value}
        before = snapshot(store)
        result = resources[0].post(
            f"/api/v1/assignments/{created.json()['assignment_id']}/actions/transfer", json=body,
            headers={**HEADERS, "If-Match": created.headers["ETag"], "Idempotency-Key": f"blank-transfer-{uuid4()}"},
        )
>       assert result.status_code == 422, result.text
E       AssertionError: {"assignment_id":"8582ffb6-30a6-4773-b5b1-03f6f4be5ee4","status":"TRANSFERRED","owner_subject_id":"00000000-0000-0000-0000-000000000102","due_at":"2027-01-10T12:00:00Z","version":3,"audit_event_id":"e89cd3fd-4e5d-411b-8b48-a0158e4a99b1"}
E       assert 200 == 422
E        +  where 200 = <Response [200 OK]>.status_code

tests/security/test_assisted_assignment_authority.py:270: AssertionError
---------------------------- Captured stderr setup -----------------------------
2026/10/09 23:40:38 INFO mlflow.store.db.utils: Creating initial MLflow database tables...
2026/10/09 23:40:38 INFO mlflow.store.db.utils: Updating database tables
{"timestamp": "2026-10-09T23:40:41.457732+00:00", "level": "INFO", "service": "oday-api", "actor": "user", "correlation_id": "29fa1a8f-db96-4621-a1c0-485d992bde6f", "resource": "HTTP", "action": "POST", "result": "ok", "error_code": null, "message": "HTTP POST /api/v1/intakes/url ok"}
------------------------------ Captured log setup ------------------------------
INFO     mlflow.store.db.utils:utils.py:87 Creating initial MLflow database tables...
INFO     mlflow.store.db.utils:utils.py:294 Updating database tables
----------------------------- Captured stderr call -----------------------------
{"timestamp": "2026-10-09T23:40:41.468227+00:00", "level": "INFO", "service": "oday-api", "actor": "user", "correlation_id": "32c5a0ab-d105-4dea-9d62-3d8ace28f4e3", "resource": "HTTP", "action": "PUT", "result": "ok", "error_code": null, "message": "HTTP PUT /api/v1/intakes/{intake_id}/assignment ok"}
{"timestamp": "2026-10-09T23:40:41.477363+00:00", "level": "INFO", "service": "oday-api", "actor": "user", "correlation_id": "a2276ef3-9b7e-461c-810e-1e52e445577f", "resource": "HTTP", "action": "POST", "result": "ok", "error_code": null, "message": "HTTP POST /api/v1/assignments/{assignment_id}/actions/transfer ok"}
________ test_transfer_requires_nonblank_reason_and_handoff[ a -reason] ________

resources = (<starlette.testclient.TestClient object at 0x7a4491b474d0>, <apps.api.app.routes.listings.AssistedIntakeStore object ...28f50>, <shared.identity.store.InMemoryIdentityStore object at 0x7a448e513e90>, '0a17af5e-9349-4759-ad3b-aa466ddc181f')
field = 'reason', value = ' a '

    @pytest.mark.parametrize("field", ["reason", "handoff_note"])
    @pytest.mark.parametrize("value", ["   ", "\n\t ", " a "])
    def test_transfer_requires_nonblank_reason_and_handoff(resources, field, value):
        _, store, _, _ = resources
        created = assign(resources)
        body = {"target_owner_subject_id": TARGET, "target_owner_role": "reviewer",
                "reason": "Route source review", "handoff_note": "Check source evidence", field: value}
        before = snapshot(store)
        result = resources[0].post(
            f"/api/v1/assignments/{created.json()['assignment_id']}/actions/transfer", json=body,
            headers={**HEADERS, "If-Match": created.headers["ETag"], "Idempotency-Key": f"blank-transfer-{uuid4()}"},
        )
>       assert result.status_code == 422, result.text
E       AssertionError: {"assignment_id":"93184a8c-e500-4e4a-9c5d-b7265484b81e","status":"TRANSFERRED","owner_subject_id":"00000000-0000-0000-0000-000000000102","due_at":"2027-01-10T12:00:00Z","version":3,"audit_event_id":"cd2654d6-b98f-4dbd-8542-a2d56899fb40"}
E       assert 200 == 422
E        +  where 200 = <Response [200 OK]>.status_code

tests/security/test_assisted_assignment_authority.py:270: AssertionError
---------------------------- Captured stderr setup -----------------------------
2026/10/09 23:40:41 INFO mlflow.store.db.utils: Creating initial MLflow database tables...
2026/10/09 23:40:41 INFO mlflow.store.db.utils: Updating database tables
{"timestamp": "2026-10-09T23:40:46.487133+00:00", "level": "INFO", "service": "oday-api", "actor": "user", "correlation_id": "ffc2dab1-9ea4-4ba1-828b-b46df37aed6c", "resource": "HTTP", "action": "POST", "result": "ok", "error_code": null, "message": "HTTP POST /api/v1/intakes/url ok"}
------------------------------ Captured log setup ------------------------------
INFO     mlflow.store.db.utils:utils.py:87 Creating initial MLflow database tables...
INFO     mlflow.store.db.utils:utils.py:294 Updating database tables
----------------------------- Captured stderr call -----------------------------
{"timestamp": "2026-10-09T23:40:46.497504+00:00", "level": "INFO", "service": "oday-api", "actor": "user", "correlation_id": "18e07b90-316d-48f4-a7d0-5636302ab485", "resource": "HTTP", "action": "PUT", "result": "ok", "error_code": null, "message": "HTTP PUT /api/v1/intakes/{intake_id}/assignment ok"}
{"timestamp": "2026-10-09T23:40:46.505781+00:00", "level": "INFO", "service": "oday-api", "actor": "user", "correlation_id": "004dfdbe-9eaa-4205-98be-a2010923f7bc", "resource": "HTTP", "action": "POST", "result": "ok", "error_code": null, "message": "HTTP POST /api/v1/assignments/{assignment_id}/actions/transfer ok"}
_____ test_transfer_requires_nonblank_reason_and_handoff[ a -handoff_note] _____

resources = (<starlette.testclient.TestClient object at 0x7a449379d8b0>, <apps.api.app.routes.listings.AssistedIntakeStore object ...ee480>, <shared.identity.store.InMemoryIdentityStore object at 0x7a449379faa0>, 'd8723468-1ff2-4b1d-8c9e-b872087ab105')
field = 'handoff_note', value = ' a '

    @pytest.mark.parametrize("field", ["reason", "handoff_note"])
    @pytest.mark.parametrize("value", ["   ", "\n\t ", " a "])
    def test_transfer_requires_nonblank_reason_and_handoff(resources, field, value):
        _, store, _, _ = resources
        created = assign(resources)
        body = {"target_owner_subject_id": TARGET, "target_owner_role": "reviewer",
                "reason": "Route source review", "handoff_note": "Check source evidence", field: value}
        before = snapshot(store)
        result = resources[0].post(
            f"/api/v1/assignments/{created.json()['assignment_id']}/actions/transfer", json=body,
            headers={**HEADERS, "If-Match": created.headers["ETag"], "Idempotency-Key": f"blank-transfer-{uuid4()}"},
        )
>       assert result.status_code == 422, result.text
E       AssertionError: {"assignment_id":"cfdfde94-7038-48c2-913b-6ee625c9b8e6","status":"TRANSFERRED","owner_subject_id":"00000000-0000-0000-0000-000000000102","due_at":"2027-01-10T12:00:00Z","version":3,"audit_event_id":"eae4e6e0-120c-41bb-b0dd-ed025065d308"}
E       assert 200 == 422
E        +  where 200 = <Response [200 OK]>.status_code

tests/security/test_assisted_assignment_authority.py:270: AssertionError
---------------------------- Captured stderr setup -----------------------------
2026/10/09 23:40:46 INFO mlflow.store.db.utils: Creating initial MLflow database tables...
2026/10/09 23:40:46 INFO mlflow.store.db.utils: Updating database tables
{"timestamp": "2026-10-09T23:40:50.134502+00:00", "level": "INFO", "service": "oday-api", "actor": "user", "correlation_id": "0c3616a7-5b32-4078-a614-acea8e46ab88", "resource": "HTTP", "action": "POST", "result": "ok", "error_code": null, "message": "HTTP POST /api/v1/intakes/url ok"}
------------------------------ Captured log setup ------------------------------
INFO     mlflow.store.db.utils:utils.py:87 Creating initial MLflow database tables...
INFO     mlflow.store.db.utils:utils.py:294 Updating database tables
----------------------------- Captured stderr call -----------------------------
{"timestamp": "2026-10-09T23:40:50.144897+00:00", "level": "INFO", "service": "oday-api", "actor": "user", "correlation_id": "cd94a7e3-b33f-4ed6-9110-1456d343dde9", "resource": "HTTP", "action": "PUT", "result": "ok", "error_code": null, "message": "HTTP PUT /api/v1/intakes/{intake_id}/assignment ok"}
{"timestamp": "2026-10-09T23:40:50.154443+00:00", "level": "INFO", "service": "oday-api", "actor": "user", "correlation_id": "f89e4e03-1bf6-46c0-8f6a-0cd9eb45ba04", "resource": "HTTP", "action": "POST", "result": "ok", "error_code": null, "message": "HTTP POST /api/v1/assignments/{assignment_id}/actions/transfer ok"}
=============================== warnings summary ===============================
.venv/lib/python3.12/site-packages/fastapi/testclient.py:1
  /tmp/pantheon-worker-worktrees/pantheon/odp-ui-network-tabs-parity-001/.venv/lib/python3.12/site-packages/fastapi/testclient.py:1: StarletteDeprecationWarning: Using `httpx` with `starlette.testclient` is deprecated; install `httpx2` instead.
    from starlette.testclient import TestClient as TestClient  # noqa

-- Docs: https://docs.pytest.org/en/stable/how-to/capture-warnings.html
=========================== short test summary info ============================
FAILED tests/security/test_assisted_assignment_authority.py::test_target_requires_fresh_identity_authority[missing-assign]
FAILED tests/security/test_assisted_assignment_authority.py::test_target_requires_fresh_identity_authority[missing-transfer]
FAILED tests/security/test_assisted_assignment_authority.py::test_target_requires_fresh_identity_authority[disabled-assign]
FAILED tests/security/test_assisted_assignment_authority.py::test_target_requires_fresh_identity_authority[disabled-transfer]
FAILED tests/security/test_assisted_assignment_authority.py::test_target_requires_fresh_identity_authority[locked-assign]
FAILED tests/security/test_assisted_assignment_authority.py::test_target_requires_fresh_identity_authority[locked-transfer]
FAILED tests/security/test_assisted_assignment_authority.py::test_target_requires_fresh_identity_authority[invited-assign]
FAILED tests/security/test_assisted_assignment_authority.py::test_target_requires_fresh_identity_authority[invited-transfer]
FAILED tests/security/test_assisted_assignment_authority.py::test_target_requires_fresh_identity_authority[foreign-tenant-assign]
FAILED tests/security/test_assisted_assignment_authority.py::test_target_requires_fresh_identity_authority[foreign-tenant-transfer]
FAILED tests/security/test_assisted_assignment_authority.py::test_target_requires_fresh_identity_authority[foreign-scope-tenant-assign]
FAILED tests/security/test_assisted_assignment_authority.py::test_target_requires_fresh_identity_authority[foreign-scope-tenant-transfer]
FAILED tests/security/test_assisted_assignment_authority.py::test_target_requires_fresh_identity_authority[no-business-role-assign]
FAILED tests/security/test_assisted_assignment_authority.py::test_target_requires_fresh_identity_authority[no-business-role-transfer]
FAILED tests/security/test_assisted_assignment_authority.py::test_target_requires_fresh_identity_authority[role-mismatch-assign]
FAILED tests/security/test_assisted_assignment_authority.py::test_target_requires_fresh_identity_authority[role-mismatch-transfer]
FAILED tests/security/test_assisted_assignment_authority.py::test_target_requires_fresh_identity_authority[unknown-role-assign]
FAILED tests/security/test_assisted_assignment_authority.py::test_target_requires_fresh_identity_authority[unknown-role-transfer]
FAILED tests/security/test_assisted_assignment_authority.py::test_target_requires_fresh_identity_authority[missing-store-assign]
FAILED tests/security/test_assisted_assignment_authority.py::test_target_requires_fresh_identity_authority[missing-store-transfer]
FAILED tests/security/test_assisted_assignment_authority.py::test_assignment_child_tenant_does_not_authorize_invalid_link[dangling-claim]
FAILED tests/security/test_assisted_assignment_authority.py::test_assignment_child_tenant_does_not_authorize_invalid_link[dangling-transfer]
FAILED tests/security/test_assisted_assignment_authority.py::test_assignment_child_tenant_does_not_authorize_invalid_link[dangling-complete]
FAILED tests/security/test_assisted_assignment_authority.py::test_assignment_child_tenant_does_not_authorize_invalid_link[foreign-tenant-claim]
FAILED tests/security/test_assisted_assignment_authority.py::test_assignment_child_tenant_does_not_authorize_invalid_link[foreign-tenant-transfer]
FAILED tests/security/test_assisted_assignment_authority.py::test_assignment_child_tenant_does_not_authorize_invalid_link[foreign-tenant-complete]
FAILED tests/security/test_assisted_assignment_authority.py::test_assignment_child_tenant_does_not_authorize_invalid_link[standalone-missing-axis-claim]
FAILED tests/security/test_assisted_assignment_authority.py::test_assignment_child_tenant_does_not_authorize_invalid_link[standalone-missing-axis-transfer]
FAILED tests/security/test_assisted_assignment_authority.py::test_assignment_child_tenant_does_not_authorize_invalid_link[standalone-missing-axis-complete]
FAILED tests/security/test_assisted_assignment_authority.py::test_transfer_requires_nonblank_reason_and_handoff[   -reason]
FAILED tests/security/test_assisted_assignment_authority.py::test_transfer_requires_nonblank_reason_and_handoff[   -handoff_note]
FAILED tests/security/test_assisted_assignment_authority.py::test_transfer_requires_nonblank_reason_and_handoff[\n\t -reason]
FAILED tests/security/test_assisted_assignment_authority.py::test_transfer_requires_nonblank_reason_and_handoff[\n\t -handoff_note]
FAILED tests/security/test_assisted_assignment_authority.py::test_transfer_requires_nonblank_reason_and_handoff[ a -reason]
FAILED tests/security/test_assisted_assignment_authority.py::test_transfer_requires_nonblank_reason_and_handoff[ a -handoff_note]
