{
  "timestamp": 1784128662.9164338,
  "concurrency": 50,
  "volume": 150,
  "success_count": 150,
  "failure_count": 0,
  "total_duration_seconds": 8.059509688988328,
  "throughput_req_per_sec": 18.61155402604011,
  "latency_p50_seconds": 2.2321106630843133,
  "latency_p95_seconds": 4.379521071910858,
  "latency_p99_seconds": 5.404618970118463,
  "passed": true
}